[[{"Longitude": "151.717947", "Latitude": "-24.840878"}], [{"Longitude": "151.7151505", "Latitude": "-24.8379125"}], [{"Longitude": "151.7218011", "Latitude": "-24.8340384"}], [{"Longitude": "151.7248348", "Latitude": "-24.8429373"}], [{"Longitude": "151.7312954", "Latitude": "-24.8443033"}], [{"Longitude": "151.7353089", "Latitude": "-24.841"}], [{"Longitude": "151.7352092", "Latitude": "-24.84092601"}], [{"Longitude": "151.731923", "Latitude": "-24.83521106"}], [{"Longitude": "151.7374381", "Latitude": "-24.83539459"}], [{"Longitude": "151.738439", "Latitude": "-24.8402408"}], [{"Longitude": "151.7399596", "Latitude": "-24.84131422"}], [{"Longitude": "151.7448847", "Latitude": "-24.8368443"}], [{"Longitude": "151.755982", "Latitude": "-24.83475754"}], [{"Longitude": "151.7589825", "Latitude": "-24.8308058"}], [{"Longitude": "151.7664114", "Latitude": "-24.8330871"}], [{"Longitude": "151.7654213", "Latitude": "-24.83692257"}], [{"Longitude": "151.7692066", "Latitude": "-24.8408802"}], [{"Longitude": "151.7608948", "Latitude": "-24.8417858"}], [{"Longitude": "151.7586131", "Latitude": "-24.84058847"}], [{"Longitude": "151.7591211", "Latitude": "-24.84365563"}], [{"Longitude": "151.7576876", "Latitude": "-24.8456077"}], [{"Longitude": "151.7680533", "Latitude": "-24.8484332"}], [{"Longitude": "151.7654884", "Latitude": "-24.8609892"}], [{"Longitude": "151.7568148", "Latitude": "-24.8615194"}], [{"Longitude": "151.7542184", "Latitude": "-24.85974279"}], [{"Longitude": "151.7500645", "Latitude": "-24.856755"}], [{"Longitude": "151.7419026", "Latitude": "-24.84857984"}], [{"Longitude": "151.7388217", "Latitude": "-24.85198"}], [{"Longitude": "151.7372587", "Latitude": "-24.85914643"}], [{"Longitude": "151.735099", "Latitude": "-24.85657055"}], [{"Longitude": "151.7310411", "Latitude": "-24.8562007"}], [{"Longitude": "151.7272799", "Latitude": "-24.85472024"}], [{"Longitude": "151.722912", "Latitude": "-24.84932531"}], [{"Longitude": "151.7171331", "Latitude": "-24.8471795"}], [{"Longitude": "151.7155923", "Latitude": "-24.84223494"}]]