[[{"Longitude": "151.7114839", "Latitude": "-24.9095674"}], [{"Longitude": "151.7057933", "Latitude": "-24.9079931"}], [{"Longitude": "151.7052819", "Latitude": "-24.90603904"}], [{"Longitude": "151.7044992", "Latitude": "-24.9052642"}], [{"Longitude": "151.7033681", "Latitude": "-24.90354325"}], [{"Longitude": "151.7100023", "Latitude": "-24.89903005"}], [{"Longitude": "151.7150583", "Latitude": "-24.90067826"}], [{"Longitude": "151.7168486", "Latitude": "-24.8998465"}], [{"Longitude": "151.7186366", "Latitude": "-24.89954458"}], [{"Longitude": "151.71785", "Latitude": "-24.8983756"}], [{"Longitude": "151.7155946", "Latitude": "-24.89228017"}], [{"Longitude": "151.7025162", "Latitude": "-24.89675046"}], [{"Longitude": "151.6973506", "Latitude": "-24.8994175"}], [{"Longitude": "151.6927751", "Latitude": "-24.9056475"}], [{"Longitude": "151.6990009", "Latitude": "-24.9129866"}], [{"Longitude": "151.6996029", "Latitude": "-24.915381"}], [{"Longitude": "151.6942398", "Latitude": "-24.918653"}], [{"Longitude": "151.6902078", "Latitude": "-24.92078753"}], [{"Longitude": "151.6891929", "Latitude": "-24.92420228"}], [{"Longitude": "151.6893066", "Latitude": "-24.925419"}], [{"Longitude": "151.6879319", "Latitude": "-24.9236982"}], [{"Longitude": "151.6815662", "Latitude": "-24.92300453"}], [{"Longitude": "151.6861364", "Latitude": "-24.9291542"}], [{"Longitude": "151.6884291", "Latitude": "-24.93230915"}], [{"Longitude": "151.6911482", "Latitude": "-24.9338764"}], [{"Longitude": "151.6955248", "Latitude": "-24.942353"}], [{"Longitude": "151.699823", "Latitude": "-24.9299822"}], [{"Longitude": "151.7002371", "Latitude": "-24.93078662"}], [{"Longitude": "151.7046856", "Latitude": "-24.9349294"}], [{"Longitude": "151.7080313", "Latitude": "-24.9306209"}], [{"Longitude": "151.705919", "Latitude": "-24.9270728"}], [{"Longitude": "151.7048516", "Latitude": "-24.92724315"}], [{"Longitude": "151.7024223", "Latitude": "-24.9209882"}], [{"Longitude": "151.7060909", "Latitude": "-24.91457992"}], [{"Longitude": "151.7093342", "Latitude": "-24.91881682"}], [{"Longitude": "151.7147204", "Latitude": "-24.9193537"}], [{"Longitude": "151.7164081", "Latitude": "-24.9201759"}], [{"Longitude": "151.7153336", "Latitude": "-24.92389907"}], [{"Longitude": "151.7265745", "Latitude": "-24.932277"}], [{"Longitude": "151.7266489", "Latitude": "-24.9179341"}], [{"Longitude": "151.721529", "Latitude": "-24.91856213"}], [{"Longitude": "151.7206737", "Latitude": "-24.9176915"}], [{"Longitude": "151.7244576", "Latitude": "-24.9071989"}], [{"Longitude": "151.719302", "Latitude": "-24.91120937"}], [{"Longitude": "151.7172496", "Latitude": "-24.9112159"}]]