[[{"Longitude": "151.7130219", "Latitude": "-25.1002872"}], [{"Longitude": "151.7132063", "Latitude": "-25.097361"}], [{"Longitude": "151.7182198", "Latitude": "-25.1005886"}], [{"Longitude": "151.725026", "Latitude": "-25.1003426"}], [{"Longitude": "151.7296972", "Latitude": "-25.0973221"}], [{"Longitude": "151.7316786", "Latitude": "-25.1021934"}], [{"Longitude": "151.7330136", "Latitude": "-25.1067709"}], [{"Longitude": "151.7329677", "Latitude": "-25.1083718"}], [{"Longitude": "151.7453982", "Latitude": "-25.1001633"}], [{"Longitude": "151.7485726", "Latitude": "-25.1016317"}], [{"Longitude": "151.7468553", "Latitude": "-25.113198"}], [{"Longitude": "151.738975", "Latitude": "-25.1132415"}], [{"Longitude": "151.7342069", "Latitude": "-25.11565738"}], [{"Longitude": "151.7373442", "Latitude": "-25.1185647"}], [{"Longitude": "151.741485", "Latitude": "-25.12141576"}], [{"Longitude": "151.7388981", "Latitude": "-25.1264209"}], [{"Longitude": "151.7360513", "Latitude": "-25.1272768"}], [{"Longitude": "151.7394733", "Latitude": "-25.12849306"}], [{"Longitude": "151.7414572", "Latitude": "-25.132344"}], [{"Longitude": "151.7349942", "Latitude": "-25.13687232"}], [{"Longitude": "151.7402197", "Latitude": "-25.1434474"}], [{"Longitude": "151.7372715", "Latitude": "-25.148056"}], [{"Longitude": "151.7355921", "Latitude": "-25.14418684"}], [{"Longitude": "151.7315767", "Latitude": "-25.14286407"}], [{"Longitude": "151.7281892", "Latitude": "-25.1419108"}], [{"Longitude": "151.7269576", "Latitude": "-25.14099822"}], [{"Longitude": "151.7263724", "Latitude": "-25.1395095"}], [{"Longitude": "151.7274077", "Latitude": "-25.13142285"}], [{"Longitude": "151.7207477", "Latitude": "-25.1352422"}], [{"Longitude": "151.7198721", "Latitude": "-25.1396778"}], [{"Longitude": "151.7226715", "Latitude": "-25.14338737"}], [{"Longitude": "151.7263235", "Latitude": "-25.1441511"}], [{"Longitude": "151.7266267", "Latitude": "-25.1483221"}], [{"Longitude": "151.7266531", "Latitude": "-25.1502964"}], [{"Longitude": "151.7200581", "Latitude": "-25.1464268"}], [{"Longitude": "151.7176669", "Latitude": "-25.14876279"}], [{"Longitude": "151.7163206", "Latitude": "-25.14918135"}], [{"Longitude": "151.713884", "Latitude": "-25.1523449"}], [{"Longitude": "151.7090623", "Latitude": "-25.1468698"}], [{"Longitude": "151.7048842", "Latitude": "-25.1454477"}], [{"Longitude": "151.7136736", "Latitude": "-25.1446012"}], [{"Longitude": "151.7119669", "Latitude": "-25.141239"}], [{"Longitude": "151.714694", "Latitude": "-25.1350852"}], [{"Longitude": "151.7061228", "Latitude": "-25.1285876"}], [{"Longitude": "151.7068082", "Latitude": "-25.1266184"}], [{"Longitude": "151.7061198", "Latitude": "-25.1215682"}], [{"Longitude": "151.7086706", "Latitude": "-25.1181062"}], [{"Longitude": "151.7172139", "Latitude": "-25.1196927"}], [{"Longitude": "151.7198851", "Latitude": "-25.1223182"}], [{"Longitude": "151.7193299", "Latitude": "-25.12444875"}], [{"Longitude": "151.7193989", "Latitude": "-25.12547"}], [{"Longitude": "151.719875", "Latitude": "-25.1250885"}], [{"Longitude": "151.7221865", "Latitude": "-25.1242604"}], [{"Longitude": "151.7247243", "Latitude": "-25.1167139"}], [{"Longitude": "151.7260841", "Latitude": "-25.10762433"}], [{"Longitude": "151.7199341", "Latitude": "-25.1073677"}], [{"Longitude": "151.7144047", "Latitude": "-25.11012587"}], [{"Longitude": "151.7141062", "Latitude": "-25.1092783"}], [{"Longitude": "151.7143566", "Latitude": "-25.1049209"}], [{"Longitude": "151.7124973", "Latitude": "-25.1010878"}]]