[[{"Longitude": "151.777551", "Latitude": "-24.8744633"}], [{"Longitude": "151.7736564", "Latitude": "-24.8715908"}], [{"Longitude": "151.7704682", "Latitude": "-24.8702638"}], [{"Longitude": "151.7687487", "Latitude": "-24.87411524"}], [{"Longitude": "151.7719072", "Latitude": "-24.8775091"}], [{"Longitude": "151.767545", "Latitude": "-24.88360742"}], [{"Longitude": "151.762723", "Latitude": "-24.8872312"}], [{"Longitude": "151.7595292", "Latitude": "-24.8946097"}], [{"Longitude": "151.7686271", "Latitude": "-24.8895262"}], [{"Longitude": "151.7729514", "Latitude": "-24.88898483"}], [{"Longitude": "151.7753537", "Latitude": "-24.8879368"}], [{"Longitude": "151.7748541", "Latitude": "-24.8847599"}], [{"Longitude": "151.7814493", "Latitude": "-24.8861967"}], [{"Longitude": "151.7846914", "Latitude": "-24.8931439"}], [{"Longitude": "151.7842568", "Latitude": "-24.8935263"}], [{"Longitude": "151.7877054", "Latitude": "-24.89802246"}], [{"Longitude": "151.7847794", "Latitude": "-24.89905308"}], [{"Longitude": "151.7797732", "Latitude": "-24.90279313"}], [{"Longitude": "151.7786709", "Latitude": "-24.90140574"}], [{"Longitude": "151.7797823", "Latitude": "-24.8992949"}], [{"Longitude": "151.7751627", "Latitude": "-24.89498089"}], [{"Longitude": "151.772412", "Latitude": "-24.8989472"}], [{"Longitude": "151.7701195", "Latitude": "-24.8988945"}], [{"Longitude": "151.7662027", "Latitude": "-24.90282"}], [{"Longitude": "151.7658889", "Latitude": "-24.9033721"}], [{"Longitude": "151.7721002", "Latitude": "-24.9038527"}], [{"Longitude": "151.772493", "Latitude": "-24.9059241"}], [{"Longitude": "151.7797627", "Latitude": "-24.90911165"}], [{"Longitude": "151.7784284", "Latitude": "-24.9137233"}], [{"Longitude": "151.7765522", "Latitude": "-24.91885471"}], [{"Longitude": "151.7811369", "Latitude": "-24.91394924"}], [{"Longitude": "151.7833487", "Latitude": "-24.9106598"}], [{"Longitude": "151.790989", "Latitude": "-24.9071089"}], [{"Longitude": "151.7896738", "Latitude": "-24.9048488"}], [{"Longitude": "151.7923762", "Latitude": "-24.8986757"}], [{"Longitude": "151.7971137", "Latitude": "-24.8993168"}], [{"Longitude": "151.8016386", "Latitude": "-24.89781117"}], [{"Longitude": "151.8045874", "Latitude": "-24.89808514"}], [{"Longitude": "151.8052903", "Latitude": "-24.89578738"}], [{"Longitude": "151.8078176", "Latitude": "-24.89531439"}], [{"Longitude": "151.8090746", "Latitude": "-24.89651311"}], [{"Longitude": "151.8112382", "Latitude": "-24.8929125"}], [{"Longitude": "151.807647", "Latitude": "-24.8868008"}], [{"Longitude": "151.8040965", "Latitude": "-24.8894431"}], [{"Longitude": "151.799283", "Latitude": "-24.8911436"}], [{"Longitude": "151.7998226", "Latitude": "-24.8897304"}], [{"Longitude": "151.7954716", "Latitude": "-24.88513667"}], [{"Longitude": "151.8017196", "Latitude": "-24.8806284"}], [{"Longitude": "151.7968112", "Latitude": "-24.88178422"}], [{"Longitude": "151.7945007", "Latitude": "-24.8820859"}], [{"Longitude": "151.7889678", "Latitude": "-24.8772339"}], [{"Longitude": "151.7884014", "Latitude": "-24.8778737"}], [{"Longitude": "151.783112", "Latitude": "-24.8767011"}]]