[[{"Longitude": "151.792273", "Latitude": "-25.1242112"}], [{"Longitude": "151.7862478", "Latitude": "-25.1152454"}], [{"Longitude": "151.7840162", "Latitude": "-25.1140114"}], [{"Longitude": "151.7796747", "Latitude": "-25.1218994"}], [{"Longitude": "151.7737143", "Latitude": "-25.124228"}], [{"Longitude": "151.7706397", "Latitude": "-25.1170446"}], [{"Longitude": "151.7691879", "Latitude": "-25.1142073"}], [{"Longitude": "151.7734928", "Latitude": "-25.1133564"}], [{"Longitude": "151.7792622", "Latitude": "-25.11308882"}], [{"Longitude": "151.7792603", "Latitude": "-25.1050974"}], [{"Longitude": "151.7710475", "Latitude": "-25.1014327"}], [{"Longitude": "151.771683", "Latitude": "-25.1032908"}], [{"Longitude": "151.7683794", "Latitude": "-25.1080154"}], [{"Longitude": "151.7550288", "Latitude": "-25.106269"}], [{"Longitude": "151.7568244", "Latitude": "-25.1111798"}], [{"Longitude": "151.7568827", "Latitude": "-25.1123876"}], [{"Longitude": "151.750797", "Latitude": "-25.1147927"}], [{"Longitude": "151.7503676", "Latitude": "-25.1164407"}], [{"Longitude": "151.7495052", "Latitude": "-25.1256694"}], [{"Longitude": "151.7598425", "Latitude": "-25.122401"}], [{"Longitude": "151.7577409", "Latitude": "-25.1285671"}], [{"Longitude": "151.7629029", "Latitude": "-25.1347661"}], [{"Longitude": "151.7640705", "Latitude": "-25.1326686"}], [{"Longitude": "151.7685", "Latitude": "-25.13369939"}], [{"Longitude": "151.770093", "Latitude": "-25.1339113"}], [{"Longitude": "151.7732991", "Latitude": "-25.1293492"}], [{"Longitude": "151.7768316", "Latitude": "-25.129492"}], [{"Longitude": "151.77616", "Latitude": "-25.1364069"}], [{"Longitude": "151.7743278", "Latitude": "-25.14173176"}], [{"Longitude": "151.7720276", "Latitude": "-25.1422819"}], [{"Longitude": "151.7677396", "Latitude": "-25.1465598"}], [{"Longitude": "151.7646519", "Latitude": "-25.1443447"}], [{"Longitude": "151.7625574", "Latitude": "-25.1450507"}], [{"Longitude": "151.7593188", "Latitude": "-25.1451057"}], [{"Longitude": "151.7553631", "Latitude": "-25.14292204"}], [{"Longitude": "151.754845", "Latitude": "-25.1424633"}], [{"Longitude": "151.7557778", "Latitude": "-25.1400758"}], [{"Longitude": "151.7514168", "Latitude": "-25.14002047"}], [{"Longitude": "151.7476997", "Latitude": "-25.1371963"}], [{"Longitude": "151.7465207", "Latitude": "-25.1457478"}], [{"Longitude": "151.7538387", "Latitude": "-25.14658576"}], [{"Longitude": "151.7569542", "Latitude": "-25.1503943"}], [{"Longitude": "151.7557899", "Latitude": "-25.1531263"}], [{"Longitude": "151.7645895", "Latitude": "-25.15917"}], [{"Longitude": "151.7729581", "Latitude": "-25.15952923"}], [{"Longitude": "151.7716477", "Latitude": "-25.15791674"}], [{"Longitude": "151.7721095", "Latitude": "-25.1532745"}], [{"Longitude": "151.7739877", "Latitude": "-25.1538389"}], [{"Longitude": "151.782298", "Latitude": "-25.1481236"}], [{"Longitude": "151.7848789", "Latitude": "-25.14378"}], [{"Longitude": "151.7892009", "Latitude": "-25.14241608"}], [{"Longitude": "151.7881697", "Latitude": "-25.1364797"}], [{"Longitude": "151.7819963", "Latitude": "-25.1373865"}], [{"Longitude": "151.7837158", "Latitude": "-25.13159241"}], [{"Longitude": "151.7861516", "Latitude": "-25.130676"}], [{"Longitude": "151.7861872", "Latitude": "-25.1291349"}], [{"Longitude": "151.789922", "Latitude": "-25.1303385"}]]