[[{"Longitude": "151.8733335", "Latitude": "-25.18353"}], [{"Longitude": "151.881731", "Latitude": "-25.1829418"}], [{"Longitude": "151.8776164", "Latitude": "-25.18923458"}], [{"Longitude": "151.8801786", "Latitude": "-25.19656419"}], [{"Longitude": "151.8740884", "Latitude": "-25.2027706"}], [{"Longitude": "151.874357", "Latitude": "-25.19798304"}], [{"Longitude": "151.8747177", "Latitude": "-25.1947499"}], [{"Longitude": "151.8702842", "Latitude": "-25.1872574"}], [{"Longitude": "151.8656899", "Latitude": "-25.18296336"}], [{"Longitude": "151.8651798", "Latitude": "-25.1883202"}], [{"Longitude": "151.8615581", "Latitude": "-25.1877324"}], [{"Longitude": "151.8614063", "Latitude": "-25.1884372"}], [{"Longitude": "151.8622726", "Latitude": "-25.191578"}], [{"Longitude": "151.8632024", "Latitude": "-25.19369479"}], [{"Longitude": "151.8636599", "Latitude": "-25.19535708"}], [{"Longitude": "151.8554539", "Latitude": "-25.199366"}], [{"Longitude": "151.8571206", "Latitude": "-25.1972353"}], [{"Longitude": "151.8586024", "Latitude": "-25.19424653"}], [{"Longitude": "151.8563509", "Latitude": "-25.1887683"}], [{"Longitude": "151.8506154", "Latitude": "-25.18582347"}], [{"Longitude": "151.8568026", "Latitude": "-25.1819304"}], [{"Longitude": "151.8549255", "Latitude": "-25.18028933"}], [{"Longitude": "151.854128", "Latitude": "-25.1798919"}], [{"Longitude": "151.8525636", "Latitude": "-25.1790319"}], [{"Longitude": "151.8484329", "Latitude": "-25.1751616"}], [{"Longitude": "151.8426359", "Latitude": "-25.17765288"}], [{"Longitude": "151.8430033", "Latitude": "-25.1782075"}], [{"Longitude": "151.8415319", "Latitude": "-25.1826026"}], [{"Longitude": "151.8418737", "Latitude": "-25.1838431"}], [{"Longitude": "151.8407278", "Latitude": "-25.1893535"}], [{"Longitude": "151.8439205", "Latitude": "-25.1906248"}], [{"Longitude": "151.8440464", "Latitude": "-25.19682706"}], [{"Longitude": "151.844745", "Latitude": "-25.1982203"}], [{"Longitude": "151.833179", "Latitude": "-25.1970642"}], [{"Longitude": "151.8324198", "Latitude": "-25.2011514"}], [{"Longitude": "151.8296385", "Latitude": "-25.1982828"}], [{"Longitude": "151.8281989", "Latitude": "-25.1924936"}], [{"Longitude": "151.8320392", "Latitude": "-25.1829868"}], [{"Longitude": "151.8278335", "Latitude": "-25.1795733"}], [{"Longitude": "151.8310753", "Latitude": "-25.1743239"}], [{"Longitude": "151.8335484", "Latitude": "-25.1704315"}], [{"Longitude": "151.8368895", "Latitude": "-25.1651075"}], [{"Longitude": "151.8425018", "Latitude": "-25.168129"}], [{"Longitude": "151.844305", "Latitude": "-25.1640689"}], [{"Longitude": "151.8439319", "Latitude": "-25.16335655"}], [{"Longitude": "151.8444517", "Latitude": "-25.15784035"}], [{"Longitude": "151.8499215", "Latitude": "-25.1581245"}], [{"Longitude": "151.8510639", "Latitude": "-25.15291561"}], [{"Longitude": "151.8523182", "Latitude": "-25.1526794"}], [{"Longitude": "151.8545912", "Latitude": "-25.1570328"}], [{"Longitude": "151.8563497", "Latitude": "-25.1572304"}], [{"Longitude": "151.8563353", "Latitude": "-25.15850228"}], [{"Longitude": "151.8544583", "Latitude": "-25.16050744"}], [{"Longitude": "151.8529994", "Latitude": "-25.16022061"}], [{"Longitude": "151.8497069", "Latitude": "-25.16205071"}], [{"Longitude": "151.8510294", "Latitude": "-25.16383032"}], [{"Longitude": "151.8519913", "Latitude": "-25.1693097"}], [{"Longitude": "151.8631549", "Latitude": "-25.1738947"}], [{"Longitude": "151.8647692", "Latitude": "-25.169667"}], [{"Longitude": "151.8688328", "Latitude": "-25.16467955"}], [{"Longitude": "151.8681373", "Latitude": "-25.1712328"}], [{"Longitude": "151.8715672", "Latitude": "-25.17491667"}]]