[[{"Longitude": "151.7831767", "Latitude": "-24.9219964"}], [{"Longitude": "151.7838779", "Latitude": "-24.9230019"}], [{"Longitude": "151.7858797", "Latitude": "-24.9200243"}], [{"Longitude": "151.7894634", "Latitude": "-24.9187263"}], [{"Longitude": "151.788032", "Latitude": "-24.91483285"}], [{"Longitude": "151.7904675", "Latitude": "-24.91612504"}], [{"Longitude": "151.7931286", "Latitude": "-24.9176215"}], [{"Longitude": "151.8004902", "Latitude": "-24.9192064"}], [{"Longitude": "151.8066827", "Latitude": "-24.9181563"}], [{"Longitude": "151.8046688", "Latitude": "-24.9149567"}], [{"Longitude": "151.8023251", "Latitude": "-24.9062783"}], [{"Longitude": "151.8052598", "Latitude": "-24.9056294"}], [{"Longitude": "151.8072254", "Latitude": "-24.9019448"}], [{"Longitude": "151.8098853", "Latitude": "-24.8998766"}], [{"Longitude": "151.8121902", "Latitude": "-24.9066179"}], [{"Longitude": "151.8144725", "Latitude": "-24.90227477"}], [{"Longitude": "151.8184355", "Latitude": "-24.9019028"}], [{"Longitude": "151.8206094", "Latitude": "-24.9050536"}], [{"Longitude": "151.8213662", "Latitude": "-24.90822776"}], [{"Longitude": "151.8218987", "Latitude": "-24.9133189"}], [{"Longitude": "151.81832", "Latitude": "-24.91734713"}], [{"Longitude": "151.8154167", "Latitude": "-24.9166775"}], [{"Longitude": "151.813351", "Latitude": "-24.9222798"}], [{"Longitude": "151.8209051", "Latitude": "-24.92677439"}], [{"Longitude": "151.8291281", "Latitude": "-24.9202514"}], [{"Longitude": "151.8305812", "Latitude": "-24.9227314"}], [{"Longitude": "151.8361691", "Latitude": "-24.9233588"}], [{"Longitude": "151.8347611", "Latitude": "-24.9310485"}], [{"Longitude": "151.8286048", "Latitude": "-24.92839886"}], [{"Longitude": "151.8284061", "Latitude": "-24.9319092"}], [{"Longitude": "151.8316029", "Latitude": "-24.9370337"}], [{"Longitude": "151.8225438", "Latitude": "-24.94196859"}], [{"Longitude": "151.8167424", "Latitude": "-24.938687"}], [{"Longitude": "151.8106044", "Latitude": "-24.93324038"}], [{"Longitude": "151.8065136", "Latitude": "-24.9370857"}], [{"Longitude": "151.8051693", "Latitude": "-24.9308258"}], [{"Longitude": "151.8031834", "Latitude": "-24.9261182"}], [{"Longitude": "151.8020293", "Latitude": "-24.9249746"}], [{"Longitude": "151.800126", "Latitude": "-24.92520153"}], [{"Longitude": "151.8000381", "Latitude": "-24.9274749"}], [{"Longitude": "151.7941345", "Latitude": "-24.9299844"}], [{"Longitude": "151.7947626", "Latitude": "-24.9328004"}], [{"Longitude": "151.7949641", "Latitude": "-24.9380732"}], [{"Longitude": "151.7918558", "Latitude": "-24.9377272"}], [{"Longitude": "151.7923797", "Latitude": "-24.93598752"}], [{"Longitude": "151.7907195", "Latitude": "-24.9285988"}], [{"Longitude": "151.7888389", "Latitude": "-24.93013276"}], [{"Longitude": "151.7885101", "Latitude": "-24.93040519"}], [{"Longitude": "151.7868378", "Latitude": "-24.93014944"}], [{"Longitude": "151.7838183", "Latitude": "-24.93552914"}], [{"Longitude": "151.7831649", "Latitude": "-24.9334592"}], [{"Longitude": "151.7841151", "Latitude": "-24.92895793"}], [{"Longitude": "151.7815945", "Latitude": "-24.92825351"}], [{"Longitude": "151.7779071", "Latitude": "-24.92341748"}], [{"Longitude": "151.7814209", "Latitude": "-24.91908923"}]]