[[{"Longitude": "151.8583825", "Latitude": "-25.0375185"}], [{"Longitude": "151.8578863", "Latitude": "-25.0394685"}], [{"Longitude": "151.863106", "Latitude": "-25.0445452"}], [{"Longitude": "151.8649963", "Latitude": "-25.0431848"}], [{"Longitude": "151.865985", "Latitude": "-25.0392539"}], [{"Longitude": "151.8630045", "Latitude": "-25.0379491"}], [{"Longitude": "151.8628461", "Latitude": "-25.0359769"}], [{"Longitude": "151.8661855", "Latitude": "-25.03158866"}], [{"Longitude": "151.8628356", "Latitude": "-25.02900821"}], [{"Longitude": "151.8635755", "Latitude": "-25.0267049"}], [{"Longitude": "151.8627637", "Latitude": "-25.02376873"}], [{"Longitude": "151.8651783", "Latitude": "-25.0217952"}], [{"Longitude": "151.8673449", "Latitude": "-25.017379"}], [{"Longitude": "151.8680635", "Latitude": "-25.01744571"}], [{"Longitude": "151.8728335", "Latitude": "-25.0123713"}], [{"Longitude": "151.8759777", "Latitude": "-25.01606181"}], [{"Longitude": "151.8796428", "Latitude": "-25.0138145"}], [{"Longitude": "151.8821835", "Latitude": "-25.0145569"}], [{"Longitude": "151.885315", "Latitude": "-25.0187379"}], [{"Longitude": "151.8757537", "Latitude": "-25.0226506"}], [{"Longitude": "151.8773785", "Latitude": "-25.02617311"}], [{"Longitude": "151.8729645", "Latitude": "-25.0308911"}], [{"Longitude": "151.881288", "Latitude": "-25.0313628"}], [{"Longitude": "151.8837208", "Latitude": "-25.02913333"}], [{"Longitude": "151.8852921", "Latitude": "-25.0276241"}], [{"Longitude": "151.8876777", "Latitude": "-25.02651151"}], [{"Longitude": "151.8901609", "Latitude": "-25.03106906"}], [{"Longitude": "151.8852816", "Latitude": "-25.0333264"}], [{"Longitude": "151.8893978", "Latitude": "-25.0355798"}], [{"Longitude": "151.9002478", "Latitude": "-25.0372254"}], [{"Longitude": "151.9005072", "Latitude": "-25.0319526"}], [{"Longitude": "151.9063615", "Latitude": "-25.0281128"}], [{"Longitude": "151.8925523", "Latitude": "-25.02515002"}], [{"Longitude": "151.8934923", "Latitude": "-25.0229423"}], [{"Longitude": "151.8955992", "Latitude": "-25.02299079"}], [{"Longitude": "151.897024", "Latitude": "-25.0193201"}], [{"Longitude": "151.8953986", "Latitude": "-25.01865606"}], [{"Longitude": "151.8917784", "Latitude": "-25.01825451"}], [{"Longitude": "151.8941151", "Latitude": "-25.0149178"}], [{"Longitude": "151.899062", "Latitude": "-25.0150972"}], [{"Longitude": "151.90072", "Latitude": "-25.012862"}], [{"Longitude": "151.8936614", "Latitude": "-25.0080764"}], [{"Longitude": "151.8979849", "Latitude": "-25.0003334"}], [{"Longitude": "151.8959369", "Latitude": "-24.99987799"}], [{"Longitude": "151.8917648", "Latitude": "-25.00081754"}], [{"Longitude": "151.8912055", "Latitude": "-25.00059925"}], [{"Longitude": "151.8908147", "Latitude": "-24.998989"}], [{"Longitude": "151.8902115", "Latitude": "-24.99802081"}], [{"Longitude": "151.8889253", "Latitude": "-25.0020897"}], [{"Longitude": "151.8834149", "Latitude": "-25.0060685"}], [{"Longitude": "151.8775405", "Latitude": "-25.00612861"}], [{"Longitude": "151.8723072", "Latitude": "-25.00107575"}], [{"Longitude": "151.8802284", "Latitude": "-24.9976278"}], [{"Longitude": "151.8749101", "Latitude": "-24.9975142"}], [{"Longitude": "151.8745567", "Latitude": "-24.9975574"}], [{"Longitude": "151.8719304", "Latitude": "-24.99451692"}], [{"Longitude": "151.8716864", "Latitude": "-24.9942695"}], [{"Longitude": "151.8667019", "Latitude": "-24.99428511"}], [{"Longitude": "151.8648295", "Latitude": "-24.9940358"}], [{"Longitude": "151.8627336", "Latitude": "-24.99083625"}], [{"Longitude": "151.8616212", "Latitude": "-24.9970954"}], [{"Longitude": "151.8646621", "Latitude": "-25.002006"}], [{"Longitude": "151.8675104", "Latitude": "-25.0011428"}], [{"Longitude": "151.8683019", "Latitude": "-25.0032671"}], [{"Longitude": "151.8622427", "Latitude": "-25.0103988"}], [{"Longitude": "151.8572295", "Latitude": "-25.0072347"}], [{"Longitude": "151.8541347", "Latitude": "-25.0099676"}], [{"Longitude": "151.8545445", "Latitude": "-25.01142729"}], [{"Longitude": "151.8607054", "Latitude": "-25.0163562"}], [{"Longitude": "151.8567394", "Latitude": "-25.0181117"}], [{"Longitude": "151.8575348", "Latitude": "-25.0202819"}], [{"Longitude": "151.8584151", "Latitude": "-25.02154482"}], [{"Longitude": "151.8537904", "Latitude": "-25.02259466"}], [{"Longitude": "151.8539417", "Latitude": "-25.02540505"}], [{"Longitude": "151.8547442", "Latitude": "-25.02925143"}], [{"Longitude": "151.8541836", "Latitude": "-25.0315688"}], [{"Longitude": "151.8558923", "Latitude": "-25.0323349"}]]