[[{"Longitude": "151.7299936", "Latitude": "-24.9049962"}], [{"Longitude": "151.7363839", "Latitude": "-24.9056392"}], [{"Longitude": "151.7399923", "Latitude": "-24.91029375"}], [{"Longitude": "151.7413399", "Latitude": "-24.9108087"}], [{"Longitude": "151.7420831", "Latitude": "-24.9130283"}], [{"Longitude": "151.7474227", "Latitude": "-24.9123622"}], [{"Longitude": "151.7483181", "Latitude": "-24.910043"}], [{"Longitude": "151.7503424", "Latitude": "-24.9127776"}], [{"Longitude": "151.7526669", "Latitude": "-24.9168793"}], [{"Longitude": "151.7538834", "Latitude": "-24.9117564"}], [{"Longitude": "151.7528692", "Latitude": "-24.90641133"}], [{"Longitude": "151.7490498", "Latitude": "-24.89998991"}], [{"Longitude": "151.755055", "Latitude": "-24.90379968"}], [{"Longitude": "151.7583612", "Latitude": "-24.90324487"}], [{"Longitude": "151.7579478", "Latitude": "-24.90135429"}], [{"Longitude": "151.7610538", "Latitude": "-24.89975396"}], [{"Longitude": "151.7629398", "Latitude": "-24.90498533"}], [{"Longitude": "151.761348", "Latitude": "-24.90732058"}], [{"Longitude": "151.7580512", "Latitude": "-24.9079292"}], [{"Longitude": "151.7596202", "Latitude": "-24.9104047"}], [{"Longitude": "151.7684019", "Latitude": "-24.9160344"}], [{"Longitude": "151.7702358", "Latitude": "-24.9175259"}], [{"Longitude": "151.764188", "Latitude": "-24.92036991"}], [{"Longitude": "151.7627171", "Latitude": "-24.9225611"}], [{"Longitude": "151.7627373", "Latitude": "-24.92208391"}], [{"Longitude": "151.7615751", "Latitude": "-24.91989558"}], [{"Longitude": "151.7579596", "Latitude": "-24.9207831"}], [{"Longitude": "151.756099", "Latitude": "-24.92368631"}], [{"Longitude": "151.7533035", "Latitude": "-24.92666399"}], [{"Longitude": "151.7494952", "Latitude": "-24.929495"}], [{"Longitude": "151.7497622", "Latitude": "-24.92442889"}], [{"Longitude": "151.7452028", "Latitude": "-24.9250407"}], [{"Longitude": "151.7440886", "Latitude": "-24.92476971"}], [{"Longitude": "151.7417662", "Latitude": "-24.9303183"}], [{"Longitude": "151.7413186", "Latitude": "-24.93090441"}], [{"Longitude": "151.7384211", "Latitude": "-24.9315998"}], [{"Longitude": "151.7314456", "Latitude": "-24.9352443"}], [{"Longitude": "151.7311439", "Latitude": "-24.93431133"}], [{"Longitude": "151.7288264", "Latitude": "-24.9254135"}], [{"Longitude": "151.7309378", "Latitude": "-24.92358871"}], [{"Longitude": "151.7353573", "Latitude": "-24.91990032"}], [{"Longitude": "151.7366095", "Latitude": "-24.9224332"}], [{"Longitude": "151.7395672", "Latitude": "-24.9236395"}], [{"Longitude": "151.7401281", "Latitude": "-24.92032148"}], [{"Longitude": "151.7441816", "Latitude": "-24.91863719"}], [{"Longitude": "151.7424975", "Latitude": "-24.9185164"}], [{"Longitude": "151.7387572", "Latitude": "-24.91536623"}], [{"Longitude": "151.7385104", "Latitude": "-24.91128972"}], [{"Longitude": "151.7354071", "Latitude": "-24.9112151"}]]