[[{"Longitude": "151.8828136", "Latitude": "-24.9462344"}], [{"Longitude": "151.8826794", "Latitude": "-24.9491408"}], [{"Longitude": "151.8803488", "Latitude": "-24.94975314"}], [{"Longitude": "151.8754845", "Latitude": "-24.9507049"}], [{"Longitude": "151.8671036", "Latitude": "-24.95224968"}], [{"Longitude": "151.8717266", "Latitude": "-24.956652"}], [{"Longitude": "151.872909", "Latitude": "-24.9637684"}], [{"Longitude": "151.8802593", "Latitude": "-24.9715314"}], [{"Longitude": "151.8747514", "Latitude": "-24.9726493"}], [{"Longitude": "151.8765487", "Latitude": "-24.975745"}], [{"Longitude": "151.8657168", "Latitude": "-24.9810513"}], [{"Longitude": "151.8595576", "Latitude": "-24.9834512"}], [{"Longitude": "151.8684681", "Latitude": "-24.98294666"}], [{"Longitude": "151.8753201", "Latitude": "-24.9883977"}], [{"Longitude": "151.878757", "Latitude": "-24.9827559"}], [{"Longitude": "151.8867509", "Latitude": "-24.9847946"}], [{"Longitude": "151.8892574", "Latitude": "-24.9807255"}], [{"Longitude": "151.8933995", "Latitude": "-24.9861153"}], [{"Longitude": "151.8968684", "Latitude": "-24.99120493"}], [{"Longitude": "151.8981685", "Latitude": "-24.9926873"}], [{"Longitude": "151.8982964", "Latitude": "-24.981004"}], [{"Longitude": "151.9035828", "Latitude": "-24.9807571"}], [{"Longitude": "151.9050821", "Latitude": "-24.9813989"}], [{"Longitude": "151.9008981", "Latitude": "-24.9759956"}], [{"Longitude": "151.9050336", "Latitude": "-24.9753827"}], [{"Longitude": "151.9083696", "Latitude": "-24.9754544"}], [{"Longitude": "151.9140663", "Latitude": "-24.9723651"}], [{"Longitude": "151.9161862", "Latitude": "-24.9698207"}], [{"Longitude": "151.9114634", "Latitude": "-24.96624532"}], [{"Longitude": "151.9065963", "Latitude": "-24.9666211"}], [{"Longitude": "151.9103712", "Latitude": "-24.9620896"}], [{"Longitude": "151.9058471", "Latitude": "-24.9589037"}], [{"Longitude": "151.9046372", "Latitude": "-24.9564341"}], [{"Longitude": "151.902879", "Latitude": "-24.95946289"}], [{"Longitude": "151.9026495", "Latitude": "-24.96223056"}], [{"Longitude": "151.8952546", "Latitude": "-24.9657591"}], [{"Longitude": "151.8959103", "Latitude": "-24.9730035"}], [{"Longitude": "151.8940607", "Latitude": "-24.97390069"}], [{"Longitude": "151.8874372", "Latitude": "-24.9709651"}], [{"Longitude": "151.8844875", "Latitude": "-24.965687"}], [{"Longitude": "151.8901076", "Latitude": "-24.9607737"}], [{"Longitude": "151.8873865", "Latitude": "-24.9563076"}], [{"Longitude": "151.8818243", "Latitude": "-24.95647082"}], [{"Longitude": "151.8813163", "Latitude": "-24.9556456"}], [{"Longitude": "151.8865617", "Latitude": "-24.9521316"}], [{"Longitude": "151.8891404", "Latitude": "-24.9541061"}], [{"Longitude": "151.8923259", "Latitude": "-24.95489131"}], [{"Longitude": "151.8939077", "Latitude": "-24.95617886"}], [{"Longitude": "151.8938908", "Latitude": "-24.9516856"}], [{"Longitude": "151.894991", "Latitude": "-24.950256"}], [{"Longitude": "151.8962891", "Latitude": "-24.9451002"}], [{"Longitude": "151.9014124", "Latitude": "-24.9421495"}], [{"Longitude": "151.8952035", "Latitude": "-24.94321306"}], [{"Longitude": "151.8907212", "Latitude": "-24.94829447"}], [{"Longitude": "151.8886425", "Latitude": "-24.9474857"}], [{"Longitude": "151.8872679", "Latitude": "-24.94411769"}]]