[[{"Longitude": "151.9196485", "Latitude": "-25.0158082"}], [{"Longitude": "151.9289983", "Latitude": "-25.0116868"}], [{"Longitude": "151.9253093", "Latitude": "-25.0066192"}], [{"Longitude": "151.9244718", "Latitude": "-25.00410039"}], [{"Longitude": "151.9193558", "Latitude": "-25.0050602"}], [{"Longitude": "151.9191522", "Latitude": "-25.0036653"}], [{"Longitude": "151.9129254", "Latitude": "-25.0034315"}], [{"Longitude": "151.9147931", "Latitude": "-24.9982843"}], [{"Longitude": "151.9086723", "Latitude": "-24.9979295"}], [{"Longitude": "151.9060747", "Latitude": "-24.9910489"}], [{"Longitude": "151.9096237", "Latitude": "-24.9906806"}], [{"Longitude": "151.9142153", "Latitude": "-24.9850717"}], [{"Longitude": "151.9175693", "Latitude": "-24.98593698"}], [{"Longitude": "151.9186907", "Latitude": "-24.98929488"}], [{"Longitude": "151.9209851", "Latitude": "-24.9895488"}], [{"Longitude": "151.9224075", "Latitude": "-24.98902463"}], [{"Longitude": "151.9221002", "Latitude": "-24.9883058"}], [{"Longitude": "151.921907", "Latitude": "-24.98644762"}], [{"Longitude": "151.9225234", "Latitude": "-24.9836967"}], [{"Longitude": "151.9222092", "Latitude": "-24.974243"}], [{"Longitude": "151.9293218", "Latitude": "-24.9751796"}], [{"Longitude": "151.9287615", "Latitude": "-24.9780943"}], [{"Longitude": "151.9326747", "Latitude": "-24.98005183"}], [{"Longitude": "151.933491", "Latitude": "-24.981752"}], [{"Longitude": "151.9381207", "Latitude": "-24.98206839"}], [{"Longitude": "151.9369028", "Latitude": "-24.9737218"}], [{"Longitude": "151.9423789", "Latitude": "-24.9744165"}], [{"Longitude": "151.9518659", "Latitude": "-24.9754762"}], [{"Longitude": "151.9496606", "Latitude": "-24.9886853"}], [{"Longitude": "151.9425877", "Latitude": "-24.9878525"}], [{"Longitude": "151.9388467", "Latitude": "-24.9859769"}], [{"Longitude": "151.9362266", "Latitude": "-24.9875761"}], [{"Longitude": "151.9296008", "Latitude": "-24.98758069"}], [{"Longitude": "151.9291436", "Latitude": "-24.9889507"}], [{"Longitude": "151.9293196", "Latitude": "-24.9923578"}], [{"Longitude": "151.9280792", "Latitude": "-24.99213696"}], [{"Longitude": "151.9219601", "Latitude": "-24.99452242"}], [{"Longitude": "151.9246437", "Latitude": "-24.99777966"}], [{"Longitude": "151.9337627", "Latitude": "-24.9959709"}], [{"Longitude": "151.9396263", "Latitude": "-25.0019192"}], [{"Longitude": "151.9411757", "Latitude": "-25.0051433"}], [{"Longitude": "151.9453825", "Latitude": "-25.0015487"}], [{"Longitude": "151.9505207", "Latitude": "-25.0028791"}], [{"Longitude": "151.9545391", "Latitude": "-25.012769"}], [{"Longitude": "151.9451873", "Latitude": "-25.0136598"}], [{"Longitude": "151.945031", "Latitude": "-25.014136"}], [{"Longitude": "151.9366346", "Latitude": "-25.0145466"}], [{"Longitude": "151.9323725", "Latitude": "-25.0177963"}], [{"Longitude": "151.9350696", "Latitude": "-25.0268109"}], [{"Longitude": "151.9396718", "Latitude": "-25.0275814"}], [{"Longitude": "151.9402196", "Latitude": "-25.0266471"}], [{"Longitude": "151.9457751", "Latitude": "-25.0279279"}], [{"Longitude": "151.9377361", "Latitude": "-25.0359188"}], [{"Longitude": "151.9237248", "Latitude": "-25.025416"}], [{"Longitude": "151.9191329", "Latitude": "-25.0211307"}], [{"Longitude": "151.9168905", "Latitude": "-25.021008"}], [{"Longitude": "151.9169819", "Latitude": "-25.026216"}], [{"Longitude": "151.9086873", "Latitude": "-25.0278602"}], [{"Longitude": "151.9070731", "Latitude": "-25.0168267"}], [{"Longitude": "151.9021289", "Latitude": "-25.0073088"}], [{"Longitude": "151.9126845", "Latitude": "-25.0106433"}], [{"Longitude": "151.9186018", "Latitude": "-25.0157378"}]]