[[{"Longitude": "151.9082833", "Latitude": "-25.1555987"}], [{"Longitude": "151.9032058", "Latitude": "-25.1609804"}], [{"Longitude": "151.8967102", "Latitude": "-25.16581746"}], [{"Longitude": "151.8959378", "Latitude": "-25.1615929"}], [{"Longitude": "151.8930797", "Latitude": "-25.1544322"}], [{"Longitude": "151.8911035", "Latitude": "-25.15234942"}], [{"Longitude": "151.893389", "Latitude": "-25.15054314"}], [{"Longitude": "151.8910206", "Latitude": "-25.14943485"}], [{"Longitude": "151.8859982", "Latitude": "-25.15003789"}], [{"Longitude": "151.884139", "Latitude": "-25.14727037"}], [{"Longitude": "151.8832521", "Latitude": "-25.14669026"}], [{"Longitude": "151.8801201", "Latitude": "-25.14567705"}], [{"Longitude": "151.8818061", "Latitude": "-25.14986545"}], [{"Longitude": "151.8847692", "Latitude": "-25.150321"}], [{"Longitude": "151.8844281", "Latitude": "-25.15124625"}], [{"Longitude": "151.8843892", "Latitude": "-25.15500441"}], [{"Longitude": "151.8793507", "Latitude": "-25.1552303"}], [{"Longitude": "151.8774953", "Latitude": "-25.1619761"}], [{"Longitude": "151.8756593", "Latitude": "-25.1669416"}], [{"Longitude": "151.8688935", "Latitude": "-25.16236778"}], [{"Longitude": "151.8624271", "Latitude": "-25.1580636"}], [{"Longitude": "151.8621243", "Latitude": "-25.1581502"}], [{"Longitude": "151.8597528", "Latitude": "-25.15721807"}], [{"Longitude": "151.862603", "Latitude": "-25.1546488"}], [{"Longitude": "151.867611", "Latitude": "-25.1551022"}], [{"Longitude": "151.8739682", "Latitude": "-25.1556762"}], [{"Longitude": "151.8751253", "Latitude": "-25.1491257"}], [{"Longitude": "151.8735666", "Latitude": "-25.1494012"}], [{"Longitude": "151.8705126", "Latitude": "-25.15043317"}], [{"Longitude": "151.8701295", "Latitude": "-25.1492126"}], [{"Longitude": "151.8697104", "Latitude": "-25.147666"}], [{"Longitude": "151.8711517", "Latitude": "-25.14432665"}], [{"Longitude": "151.8705045", "Latitude": "-25.143351"}], [{"Longitude": "151.8667417", "Latitude": "-25.14488996"}], [{"Longitude": "151.866278", "Latitude": "-25.14392771"}], [{"Longitude": "151.8640648", "Latitude": "-25.1426258"}], [{"Longitude": "151.8668535", "Latitude": "-25.13902175"}], [{"Longitude": "151.8627834", "Latitude": "-25.13529455"}], [{"Longitude": "151.8666277", "Latitude": "-25.13513399"}], [{"Longitude": "151.8669016", "Latitude": "-25.133112"}], [{"Longitude": "151.8683635", "Latitude": "-25.1311379"}], [{"Longitude": "151.8654137", "Latitude": "-25.12938419"}], [{"Longitude": "151.8719787", "Latitude": "-25.123243"}], [{"Longitude": "151.8733463", "Latitude": "-25.12203746"}], [{"Longitude": "151.8743824", "Latitude": "-25.12060607"}], [{"Longitude": "151.8796941", "Latitude": "-25.12095814"}], [{"Longitude": "151.8723356", "Latitude": "-25.1298123"}], [{"Longitude": "151.8749936", "Latitude": "-25.13108165"}], [{"Longitude": "151.8791451", "Latitude": "-25.13231185"}], [{"Longitude": "151.8724326", "Latitude": "-25.1384019"}], [{"Longitude": "151.8716266", "Latitude": "-25.13945547"}], [{"Longitude": "151.877277", "Latitude": "-25.1390738"}], [{"Longitude": "151.8775693", "Latitude": "-25.1386657"}], [{"Longitude": "151.8822787", "Latitude": "-25.1389839"}], [{"Longitude": "151.8864497", "Latitude": "-25.1383071"}], [{"Longitude": "151.8885241", "Latitude": "-25.1355519"}], [{"Longitude": "151.8941652", "Latitude": "-25.13333541"}], [{"Longitude": "151.8962811", "Latitude": "-25.13429483"}], [{"Longitude": "151.8944489", "Latitude": "-25.13911464"}], [{"Longitude": "151.8938031", "Latitude": "-25.1424724"}], [{"Longitude": "151.8964595", "Latitude": "-25.14266805"}]]