[[{"Longitude": "151.9122206", "Latitude": "-24.8855635"}], [{"Longitude": "151.9094754", "Latitude": "-24.8950951"}], [{"Longitude": "151.8995505", "Latitude": "-24.89950903"}], [{"Longitude": "151.8989704", "Latitude": "-24.9025067"}], [{"Longitude": "151.8929459", "Latitude": "-24.9042726"}], [{"Longitude": "151.8862344", "Latitude": "-24.9074931"}], [{"Longitude": "151.8838048", "Latitude": "-24.9144238"}], [{"Longitude": "151.884342", "Latitude": "-24.9154848"}], [{"Longitude": "151.8942599", "Latitude": "-24.9234868"}], [{"Longitude": "151.9045059", "Latitude": "-24.9266981"}], [{"Longitude": "151.8966502", "Latitude": "-24.9334052"}], [{"Longitude": "151.8916693", "Latitude": "-24.9327251"}], [{"Longitude": "151.8911378", "Latitude": "-24.93263285"}], [{"Longitude": "151.8904294", "Latitude": "-24.932077"}], [{"Longitude": "151.8856478", "Latitude": "-24.9353641"}], [{"Longitude": "151.8815276", "Latitude": "-24.9304131"}], [{"Longitude": "151.8790216", "Latitude": "-24.9299495"}], [{"Longitude": "151.8767916", "Latitude": "-24.9274627"}], [{"Longitude": "151.8750144", "Latitude": "-24.9268168"}], [{"Longitude": "151.8723932", "Latitude": "-24.9226914"}], [{"Longitude": "151.8700418", "Latitude": "-24.92175884"}], [{"Longitude": "151.8702861", "Latitude": "-24.92098866"}], [{"Longitude": "151.8718959", "Latitude": "-24.91869395"}], [{"Longitude": "151.8760976", "Latitude": "-24.9123202"}], [{"Longitude": "151.873926", "Latitude": "-24.9106542"}], [{"Longitude": "151.8664209", "Latitude": "-24.9138937"}], [{"Longitude": "151.8644075", "Latitude": "-24.9145389"}], [{"Longitude": "151.8623435", "Latitude": "-24.9188138"}], [{"Longitude": "151.8660996", "Latitude": "-24.92174444"}], [{"Longitude": "151.8657426", "Latitude": "-24.92393794"}], [{"Longitude": "151.8633778", "Latitude": "-24.92489961"}], [{"Longitude": "151.8599426", "Latitude": "-24.92797309"}], [{"Longitude": "151.8640813", "Latitude": "-24.9307691"}], [{"Longitude": "151.8644604", "Latitude": "-24.9305124"}], [{"Longitude": "151.8696268", "Latitude": "-24.9268631"}], [{"Longitude": "151.872127", "Latitude": "-24.93020762"}], [{"Longitude": "151.8747831", "Latitude": "-24.9314354"}], [{"Longitude": "151.8710418", "Latitude": "-24.9350994"}], [{"Longitude": "151.8717179", "Latitude": "-24.93834102"}], [{"Longitude": "151.8719414", "Latitude": "-24.9402418"}], [{"Longitude": "151.8739836", "Latitude": "-24.9433659"}], [{"Longitude": "151.8661465", "Latitude": "-24.939959"}], [{"Longitude": "151.8641426", "Latitude": "-24.945596"}], [{"Longitude": "151.8594808", "Latitude": "-24.9500749"}], [{"Longitude": "151.857065", "Latitude": "-24.9540925"}], [{"Longitude": "151.8540226", "Latitude": "-24.9543632"}], [{"Longitude": "151.8527969", "Latitude": "-24.95419519"}], [{"Longitude": "151.8522437", "Latitude": "-24.9432537"}], [{"Longitude": "151.851555", "Latitude": "-24.94227628"}], [{"Longitude": "151.8517433", "Latitude": "-24.9410131"}], [{"Longitude": "151.8558929", "Latitude": "-24.9392125"}], [{"Longitude": "151.8562139", "Latitude": "-24.9378845"}], [{"Longitude": "151.8584235", "Latitude": "-24.936801"}], [{"Longitude": "151.8527215", "Latitude": "-24.9290863"}], [{"Longitude": "151.8543712", "Latitude": "-24.9224588"}], [{"Longitude": "151.8557296", "Latitude": "-24.9194613"}], [{"Longitude": "151.8579901", "Latitude": "-24.91918633"}], [{"Longitude": "151.8558269", "Latitude": "-24.91567825"}], [{"Longitude": "151.8498607", "Latitude": "-24.9119179"}], [{"Longitude": "151.8556983", "Latitude": "-24.90619978"}], [{"Longitude": "151.8601517", "Latitude": "-24.90984388"}], [{"Longitude": "151.8668878", "Latitude": "-24.90880433"}], [{"Longitude": "151.8659427", "Latitude": "-24.9068279"}], [{"Longitude": "151.8640579", "Latitude": "-24.90696034"}], [{"Longitude": "151.8636445", "Latitude": "-24.9033153"}], [{"Longitude": "151.8710545", "Latitude": "-24.89784821"}], [{"Longitude": "151.9074622", "Latitude": "-24.88725953"}]]