[[{"Longitude": "151.8215561", "Latitude": "-25.0346183"}], [{"Longitude": "151.8193553", "Latitude": "-25.02877075"}], [{"Longitude": "151.8205163", "Latitude": "-25.0231398"}], [{"Longitude": "151.8176163", "Latitude": "-25.0231376"}], [{"Longitude": "151.8167746", "Latitude": "-25.0205654"}], [{"Longitude": "151.8167391", "Latitude": "-25.01777169"}], [{"Longitude": "151.8133382", "Latitude": "-25.0222958"}], [{"Longitude": "151.8086532", "Latitude": "-25.0212794"}], [{"Longitude": "151.8015269", "Latitude": "-25.02841729"}], [{"Longitude": "151.8034029", "Latitude": "-25.0321623"}], [{"Longitude": "151.805214", "Latitude": "-25.0321441"}], [{"Longitude": "151.8116705", "Latitude": "-25.0282213"}], [{"Longitude": "151.8142861", "Latitude": "-25.0340747"}], [{"Longitude": "151.8165349", "Latitude": "-25.03781"}], [{"Longitude": "151.8178096", "Latitude": "-25.03984608"}], [{"Longitude": "151.8176949", "Latitude": "-25.0420731"}], [{"Longitude": "151.8110474", "Latitude": "-25.0401373"}], [{"Longitude": "151.8074032", "Latitude": "-25.0379336"}], [{"Longitude": "151.8049767", "Latitude": "-25.0390752"}], [{"Longitude": "151.8029144", "Latitude": "-25.039742"}], [{"Longitude": "151.8006843", "Latitude": "-25.04110547"}], [{"Longitude": "151.8027718", "Latitude": "-25.04422463"}], [{"Longitude": "151.8026592", "Latitude": "-25.05018209"}], [{"Longitude": "151.8081831", "Latitude": "-25.0542096"}], [{"Longitude": "151.8127905", "Latitude": "-25.0562586"}], [{"Longitude": "151.8159817", "Latitude": "-25.0549826"}], [{"Longitude": "151.8186562", "Latitude": "-25.0528047"}], [{"Longitude": "151.8193369", "Latitude": "-25.0505596"}], [{"Longitude": "151.8167697", "Latitude": "-25.04747545"}], [{"Longitude": "151.8188529", "Latitude": "-25.04647527"}], [{"Longitude": "151.8241891", "Latitude": "-25.04727798"}], [{"Longitude": "151.8249709", "Latitude": "-25.0564531"}], [{"Longitude": "151.8292053", "Latitude": "-25.05361"}], [{"Longitude": "151.8300701", "Latitude": "-25.0483057"}], [{"Longitude": "151.8319831", "Latitude": "-25.04844155"}], [{"Longitude": "151.8323687", "Latitude": "-25.04747077"}], [{"Longitude": "151.8358237", "Latitude": "-25.04674518"}], [{"Longitude": "151.8363747", "Latitude": "-25.0475958"}], [{"Longitude": "151.838752", "Latitude": "-25.05061479"}], [{"Longitude": "151.8379729", "Latitude": "-25.0524175"}], [{"Longitude": "151.8417141", "Latitude": "-25.0510257"}], [{"Longitude": "151.8456501", "Latitude": "-25.05018673"}], [{"Longitude": "151.847762", "Latitude": "-25.04709804"}], [{"Longitude": "151.855094", "Latitude": "-25.04389674"}], [{"Longitude": "151.8529244", "Latitude": "-25.04034752"}], [{"Longitude": "151.8536375", "Latitude": "-25.03337543"}], [{"Longitude": "151.8498546", "Latitude": "-25.0333685"}], [{"Longitude": "151.8483418", "Latitude": "-25.03719923"}], [{"Longitude": "151.8489309", "Latitude": "-25.03840719"}], [{"Longitude": "151.845361", "Latitude": "-25.0407244"}], [{"Longitude": "151.8410399", "Latitude": "-25.0430142"}], [{"Longitude": "151.8396669", "Latitude": "-25.040406"}], [{"Longitude": "151.843875", "Latitude": "-25.03131081"}], [{"Longitude": "151.8412694", "Latitude": "-25.0291846"}], [{"Longitude": "151.8431947", "Latitude": "-25.02540727"}], [{"Longitude": "151.8469585", "Latitude": "-25.02578926"}], [{"Longitude": "151.8496088", "Latitude": "-25.02530136"}], [{"Longitude": "151.8482828", "Latitude": "-25.0195583"}], [{"Longitude": "151.8465056", "Latitude": "-25.0154938"}], [{"Longitude": "151.8403188", "Latitude": "-25.01898131"}], [{"Longitude": "151.8373898", "Latitude": "-25.02064604"}], [{"Longitude": "151.8359706", "Latitude": "-25.0200477"}], [{"Longitude": "151.8367071", "Latitude": "-25.0138219"}], [{"Longitude": "151.832281", "Latitude": "-25.01452411"}], [{"Longitude": "151.8288045", "Latitude": "-25.0134408"}], [{"Longitude": "151.8261863", "Latitude": "-25.01390821"}], [{"Longitude": "151.825273", "Latitude": "-25.01842559"}], [{"Longitude": "151.826339", "Latitude": "-25.02327379"}], [{"Longitude": "151.8295429", "Latitude": "-25.0229353"}], [{"Longitude": "151.8295166", "Latitude": "-25.02273057"}], [{"Longitude": "151.8310347", "Latitude": "-25.02181578"}], [{"Longitude": "151.8337589", "Latitude": "-25.02131791"}], [{"Longitude": "151.8334473", "Latitude": "-25.0252104"}], [{"Longitude": "151.8365132", "Latitude": "-25.02859859"}], [{"Longitude": "151.8344552", "Latitude": "-25.0286464"}], [{"Longitude": "151.8292433", "Latitude": "-25.02997676"}], [{"Longitude": "151.8311375", "Latitude": "-25.0342897"}], [{"Longitude": "151.829116", "Latitude": "-25.03502154"}], [{"Longitude": "151.8322368", "Latitude": "-25.0378562"}], [{"Longitude": "151.8313341", "Latitude": "-25.0403543"}], [{"Longitude": "151.830968", "Latitude": "-25.04392965"}], [{"Longitude": "151.8289278", "Latitude": "-25.04007277"}], [{"Longitude": "151.8249787", "Latitude": "-25.03885702"}]]