[[{"Longitude": "151.6938954", "Latitude": "-24.9531908"}], [{"Longitude": "151.6926923", "Latitude": "-24.9519398"}], [{"Longitude": "151.6861011", "Latitude": "-24.9477174"}], [{"Longitude": "151.6933618", "Latitude": "-24.9439418"}], [{"Longitude": "151.6966579", "Latitude": "-24.94496338"}], [{"Longitude": "151.6991189", "Latitude": "-24.94610073"}], [{"Longitude": "151.7019161", "Latitude": "-24.94961626"}], [{"Longitude": "151.7023726", "Latitude": "-24.9474355"}], [{"Longitude": "151.7172765", "Latitude": "-24.9412318"}], [{"Longitude": "151.7219074", "Latitude": "-24.9393817"}], [{"Longitude": "151.7282802", "Latitude": "-24.9453508"}], [{"Longitude": "151.7324351", "Latitude": "-24.949861"}], [{"Longitude": "151.7214366", "Latitude": "-24.9544426"}], [{"Longitude": "151.7201326", "Latitude": "-24.9554204"}], [{"Longitude": "151.7249065", "Latitude": "-24.9617274"}], [{"Longitude": "151.7255935", "Latitude": "-24.96074182"}], [{"Longitude": "151.728837", "Latitude": "-24.9576538"}], [{"Longitude": "151.7348474", "Latitude": "-24.9566488"}], [{"Longitude": "151.7381636", "Latitude": "-24.95866964"}], [{"Longitude": "151.7354083", "Latitude": "-24.95903105"}], [{"Longitude": "151.7341878", "Latitude": "-24.9649976"}], [{"Longitude": "151.7369718", "Latitude": "-24.96765373"}], [{"Longitude": "151.7356871", "Latitude": "-24.9686816"}], [{"Longitude": "151.73427", "Latitude": "-24.96741952"}], [{"Longitude": "151.7303079", "Latitude": "-24.96559021"}], [{"Longitude": "151.7276883", "Latitude": "-24.9696044"}], [{"Longitude": "151.7228541", "Latitude": "-24.9718928"}], [{"Longitude": "151.7247549", "Latitude": "-24.9748562"}], [{"Longitude": "151.7240369", "Latitude": "-24.9772018"}], [{"Longitude": "151.7336112", "Latitude": "-24.9915467"}], [{"Longitude": "151.7241975", "Latitude": "-24.9868678"}], [{"Longitude": "151.7224977", "Latitude": "-24.98585189"}], [{"Longitude": "151.7146904", "Latitude": "-24.9835285"}], [{"Longitude": "151.7081843", "Latitude": "-24.9842254"}], [{"Longitude": "151.7180734", "Latitude": "-24.96939581"}], [{"Longitude": "151.7191728", "Latitude": "-24.9677723"}], [{"Longitude": "151.7175977", "Latitude": "-24.96238895"}], [{"Longitude": "151.716192", "Latitude": "-24.96091046"}], [{"Longitude": "151.7133755", "Latitude": "-24.9608124"}], [{"Longitude": "151.7100446", "Latitude": "-24.9552417"}], [{"Longitude": "151.7036615", "Latitude": "-24.95931085"}], [{"Longitude": "151.7029208", "Latitude": "-24.95842138"}], [{"Longitude": "151.699743", "Latitude": "-24.95537862"}]]