[[{"Longitude": "151.688346", "Latitude": "-24.8464087"}], [{"Longitude": "151.7037665", "Latitude": "-24.8413514"}], [{"Longitude": "151.6991583", "Latitude": "-24.850974"}], [{"Longitude": "151.6983812", "Latitude": "-24.85248358"}], [{"Longitude": "151.7047686", "Latitude": "-24.8547627"}], [{"Longitude": "151.7022133", "Latitude": "-24.8571688"}], [{"Longitude": "151.7049356", "Latitude": "-24.86308543"}], [{"Longitude": "151.7193981", "Latitude": "-24.8574706"}], [{"Longitude": "151.7199075", "Latitude": "-24.86700388"}], [{"Longitude": "151.7093293", "Latitude": "-24.86609228"}], [{"Longitude": "151.707651", "Latitude": "-24.8664244"}], [{"Longitude": "151.7080233", "Latitude": "-24.86839551"}], [{"Longitude": "151.7065483", "Latitude": "-24.869381"}], [{"Longitude": "151.7039855", "Latitude": "-24.87181232"}], [{"Longitude": "151.7027739", "Latitude": "-24.8771599"}], [{"Longitude": "151.7114672", "Latitude": "-24.87837484"}], [{"Longitude": "151.7163465", "Latitude": "-24.8818889"}], [{"Longitude": "151.7155641", "Latitude": "-24.8882722"}], [{"Longitude": "151.7051334", "Latitude": "-24.8871416"}], [{"Longitude": "151.704178", "Latitude": "-24.88908289"}], [{"Longitude": "151.7017963", "Latitude": "-24.8908493"}], [{"Longitude": "151.699053", "Latitude": "-24.88994266"}], [{"Longitude": "151.7019314", "Latitude": "-24.88379258"}], [{"Longitude": "151.6951413", "Latitude": "-24.8825687"}], [{"Longitude": "151.6963431", "Latitude": "-24.8730933"}], [{"Longitude": "151.6926759", "Latitude": "-24.8731783"}], [{"Longitude": "151.6918018", "Latitude": "-24.87091277"}], [{"Longitude": "151.6927838", "Latitude": "-24.87071409"}], [{"Longitude": "151.6942038", "Latitude": "-24.8673258"}], [{"Longitude": "151.6908784", "Latitude": "-24.86703744"}], [{"Longitude": "151.6907361", "Latitude": "-24.8581326"}], [{"Longitude": "151.6899274", "Latitude": "-24.85471339"}], [{"Longitude": "151.6920864", "Latitude": "-24.85140254"}]]