[[{"Longitude": "151.6586608", "Latitude": "-24.9647759"}], [{"Longitude": "151.6712886", "Latitude": "-24.9649581"}], [{"Longitude": "151.6613455", "Latitude": "-24.9609967"}], [{"Longitude": "151.6595332", "Latitude": "-24.9614543"}], [{"Longitude": "151.6458867", "Latitude": "-24.93179715"}], [{"Longitude": "151.6411341", "Latitude": "-24.92012487"}], [{"Longitude": "151.5868795", "Latitude": "-24.92893862"}], [{"Longitude": "151.5869916", "Latitude": "-24.94173624"}], [{"Longitude": "151.5887364", "Latitude": "-24.95018994"}], [{"Longitude": "151.6125264", "Latitude": "-24.95406884"}], [{"Longitude": "151.6318959", "Latitude": "-24.95601114"}], [{"Longitude": "151.6461354", "Latitude": "-24.95736287"}], [{"Longitude": "151.65654", "Latitude": "-24.9687067"}]]