[[{"Longitude": "151.7651132", "Latitude": "-24.9401125"}], [{"Longitude": "151.7636957", "Latitude": "-24.94144934"}], [{"Longitude": "151.7608833", "Latitude": "-24.94030624"}], [{"Longitude": "151.7589138", "Latitude": "-24.9424556"}], [{"Longitude": "151.7579422", "Latitude": "-24.94217399"}], [{"Longitude": "151.7539829", "Latitude": "-24.9463772"}], [{"Longitude": "151.7544782", "Latitude": "-24.94860735"}], [{"Longitude": "151.7502993", "Latitude": "-24.95168321"}], [{"Longitude": "151.7569402", "Latitude": "-24.9520024"}], [{"Longitude": "151.7562686", "Latitude": "-24.9554345"}], [{"Longitude": "151.754778", "Latitude": "-24.9598791"}], [{"Longitude": "151.7496151", "Latitude": "-24.9592643"}], [{"Longitude": "151.7451265", "Latitude": "-24.9637245"}], [{"Longitude": "151.7429554", "Latitude": "-24.9541236"}], [{"Longitude": "151.7430215", "Latitude": "-24.9527672"}], [{"Longitude": "151.7446074", "Latitude": "-24.95128305"}], [{"Longitude": "151.7418462", "Latitude": "-24.95189415"}], [{"Longitude": "151.7409827", "Latitude": "-24.9497465"}], [{"Longitude": "151.7376373", "Latitude": "-24.94869093"}], [{"Longitude": "151.7361449", "Latitude": "-24.9437142"}], [{"Longitude": "151.7344039", "Latitude": "-24.94009072"}], [{"Longitude": "151.7365972", "Latitude": "-24.9388366"}], [{"Longitude": "151.7418207", "Latitude": "-24.9367156"}], [{"Longitude": "151.7458156", "Latitude": "-24.9398088"}], [{"Longitude": "151.7479259", "Latitude": "-24.9374854"}], [{"Longitude": "151.7545579", "Latitude": "-24.9319379"}], [{"Longitude": "151.7551163", "Latitude": "-24.93262418"}], [{"Longitude": "151.7553265", "Latitude": "-24.93354425"}], [{"Longitude": "151.757311", "Latitude": "-24.93277586"}], [{"Longitude": "151.7556961", "Latitude": "-24.93757867"}], [{"Longitude": "151.7583917", "Latitude": "-24.9379626"}], [{"Longitude": "151.7619123", "Latitude": "-24.93584178"}], [{"Longitude": "151.7626836", "Latitude": "-24.9299695"}], [{"Longitude": "151.763728", "Latitude": "-24.92702888"}], [{"Longitude": "151.7642279", "Latitude": "-24.9282707"}], [{"Longitude": "151.7687328", "Latitude": "-24.9318336"}], [{"Longitude": "151.7698106", "Latitude": "-24.93406308"}], [{"Longitude": "151.7741407", "Latitude": "-24.92819365"}], [{"Longitude": "151.7758529", "Latitude": "-24.923717"}], [{"Longitude": "151.7764869", "Latitude": "-24.9286687"}], [{"Longitude": "151.7796868", "Latitude": "-24.9345902"}], [{"Longitude": "151.7755081", "Latitude": "-24.9396974"}], [{"Longitude": "151.7783168", "Latitude": "-24.94301915"}], [{"Longitude": "151.7799986", "Latitude": "-24.94669076"}], [{"Longitude": "151.7790558", "Latitude": "-24.9497553"}], [{"Longitude": "151.7735385", "Latitude": "-24.9538328"}], [{"Longitude": "151.7665542", "Latitude": "-24.9573092"}], [{"Longitude": "151.7663172", "Latitude": "-24.95742367"}], [{"Longitude": "151.7617843", "Latitude": "-24.95643751"}], [{"Longitude": "151.7607615", "Latitude": "-24.95598645"}], [{"Longitude": "151.7618488", "Latitude": "-24.95483161"}], [{"Longitude": "151.7646016", "Latitude": "-24.95464643"}], [{"Longitude": "151.7660225", "Latitude": "-24.95386531"}], [{"Longitude": "151.7656939", "Latitude": "-24.9524944"}], [{"Longitude": "151.7634123", "Latitude": "-24.95329325"}], [{"Longitude": "151.7611293", "Latitude": "-24.95199798"}], [{"Longitude": "151.7635154", "Latitude": "-24.9502799"}], [{"Longitude": "151.767847", "Latitude": "-24.9468195"}], [{"Longitude": "151.7699903", "Latitude": "-24.9458681"}], [{"Longitude": "151.7678918", "Latitude": "-24.9403333"}], [{"Longitude": "151.7679746", "Latitude": "-24.93942794"}]]