[{"Longitude": "151.8562702", "Latitude": "-25.1077049"}, {"Longitude": "151.8625149", "Latitude": "-25.1059271"}, {"Longitude": "151.8670618", "Latitude": "-25.1165858"}, {"Longitude": "151.8633394", "Latitude": "-25.1167445"}, {"Longitude": "151.8643551", "Latitude": "-25.1197852"}, {"Longitude": "151.8608841", "Latitude": "-25.1278723"}, {"Longitude": "151.8580226", "Latitude": "-25.1291589"}, {"Longitude": "151.8506956", "Latitude": "-25.1323293"}, {"Longitude": "151.8535366", "Latitude": "-25.1349016"}, {"Longitude": "151.8544992", "Latitude": "-25.14100079"}, {"Longitude": "151.8551483", "Latitude": "-25.1442667"}, {"Longitude": "151.8533412", "Latitude": "-25.1460594"}, {"Longitude": "151.8446276", "Latitude": "-25.1481212"}, {"Longitude": "151.8396258", "Latitude": "-25.14711048"}, {"Longitude": "151.8441354", "Latitude": "-25.1443395"}, {"Longitude": "151.8455013", "Latitude": "-25.13737019"}, {"Longitude": "151.8394215", "Latitude": "-25.13457227"}, {"Longitude": "151.8379602", "Latitude": "-25.13655769"}, {"Longitude": "151.8361098", "Latitude": "-25.1379046"}, {"Longitude": "151.8356935", "Latitude": "-25.13997973"}, {"Longitude": "151.8275833", "Latitude": "-25.1322951"}, {"Longitude": "151.8290552", "Latitude": "-25.12680099"}, {"Longitude": "151.8278441", "Latitude": "-25.1261788"}, {"Longitude": "151.823954", "Latitude": "-25.12652215"}, {"Longitude": "151.8214774", "Latitude": "-25.12376075"}, {"Longitude": "151.8216012", "Latitude": "-25.12347619"}, {"Longitude": "151.8279806", "Latitude": "-25.1197006"}, {"Longitude": "151.8259014", "Latitude": "-25.1148666"}, {"Longitude": "151.8224123", "Latitude": "-25.1133252"}, {"Longitude": "151.8263119", "Latitude": "-25.11021591"}, {"Longitude": "151.8341382", "Latitude": "-25.1124531"}, {"Longitude": "151.83859", "Latitude": "-25.1024755"}, {"Longitude": "151.8439332", "Latitude": "-25.1051286"}, {"Longitude": "151.8397412", "Latitude": "-25.1115114"}, {"Longitude": "151.838625", "Latitude": "-25.11787998"}, {"Longitude": "151.8356795", "Latitude": "-25.1214842"}, {"Longitude": "151.8392554", "Latitude": "-25.12562787"}, {"Longitude": "151.8413275", "Latitude": "-25.1255974"}, {"Longitude": "151.8453899", "Latitude": "-25.1234514"}, {"Longitude": "151.8452523", "Latitude": "-25.1206251"}, {"Longitude": "151.8465622", "Latitude": "-25.1192355"}, {"Longitude": "151.8542646", "Latitude": "-25.120949"}, {"Longitude": "151.8512536", "Latitude": "-25.1144836"}, {"Longitude": "151.8571464", "Latitude": "-25.1122475"}, {"Longitude": "151.8578401", "Latitude": "-25.10879155"}]