[{"Longitude": "151.805457", "Latitude": "-24.84392"}, {"Longitude": "151.8027226", "Latitude": "-24.8432344"}, {"Longitude": "151.8027688", "Latitude": "-24.84845814"}, {"Longitude": "151.8060435", "Latitude": "-24.84901829"}, {"Longitude": "151.8162508", "Latitude": "-24.8476432"}, {"Longitude": "151.8157253", "Latitude": "-24.8449422"}, {"Longitude": "151.821394", "Latitude": "-24.8454948"}, {"Longitude": "151.8323576", "Latitude": "-24.8380582"}, {"Longitude": "151.8292945", "Latitude": "-24.84540199"}, {"Longitude": "151.8235272", "Latitude": "-24.8506248"}, {"Longitude": "151.818766", "Latitude": "-24.85577721"}, {"Longitude": "151.8177027", "Latitude": "-24.85374029"}, {"Longitude": "151.8134546", "Latitude": "-24.8551899"}, {"Longitude": "151.8170394", "Latitude": "-24.8587331"}, {"Longitude": "151.8244869", "Latitude": "-24.8600826"}, {"Longitude": "151.8238168", "Latitude": "-24.86341863"}, {"Longitude": "151.8161579", "Latitude": "-24.8632096"}, {"Longitude": "151.8120583", "Latitude": "-24.8657425"}, {"Longitude": "151.8154756", "Latitude": "-24.8731113"}, {"Longitude": "151.8099186", "Latitude": "-24.87867201"}, {"Longitude": "151.8082395", "Latitude": "-24.8763324"}, {"Longitude": "151.8028238", "Latitude": "-24.8704838"}, {"Longitude": "151.8034315", "Latitude": "-24.86543541"}, {"Longitude": "151.8000247", "Latitude": "-24.8617558"}, {"Longitude": "151.7930459", "Latitude": "-24.8642948"}, {"Longitude": "151.7881853", "Latitude": "-24.86937693"}, {"Longitude": "151.7855052", "Latitude": "-24.8662936"}, {"Longitude": "151.7835531", "Latitude": "-24.865416"}, {"Longitude": "151.7793665", "Latitude": "-24.8622806"}, {"Longitude": "151.7736131", "Latitude": "-24.8601965"}, {"Longitude": "151.7875851", "Latitude": "-24.8613814"}, {"Longitude": "151.7881099", "Latitude": "-24.8588021"}, {"Longitude": "151.7873183", "Latitude": "-24.8507323"}, {"Longitude": "151.7783405", "Latitude": "-24.84261934"}, {"Longitude": "151.7763127", "Latitude": "-24.83692017"}, {"Longitude": "151.7793184", "Latitude": "-24.8386218"}, {"Longitude": "151.7985313", "Latitude": "-24.8404625"}, {"Longitude": "151.8011093", "Latitude": "-24.83773935"}, {"Longitude": "151.8015717", "Latitude": "-24.8307664"}, {"Longitude": "151.8069374", "Latitude": "-24.83359344"}, {"Longitude": "151.8053043", "Latitude": "-24.83983796"}, {"Longitude": "151.8060147", "Latitude": "-24.84126298"}]