[{"Longitude": "151.9281969", "Latitude": "-24.9158511"}, {"Longitude": "151.9340919", "Latitude": "-24.925991"}, {"Longitude": "151.9371144", "Latitude": "-24.9208587"}, {"Longitude": "151.9448466", "Latitude": "-24.9102859"}, {"Longitude": "151.9460397", "Latitude": "-24.924378"}, {"Longitude": "151.9507579", "Latitude": "-24.9277685"}, {"Longitude": "151.9482552", "Latitude": "-24.939575"}, {"Longitude": "151.9440664", "Latitude": "-24.94276798"}, {"Longitude": "151.9480619", "Latitude": "-24.9434492"}, {"Longitude": "151.9530331", "Latitude": "-24.9521434"}, {"Longitude": "151.9451707", "Latitude": "-24.9567032"}, {"Longitude": "151.9419534", "Latitude": "-24.95911603"}, {"Longitude": "151.9429732", "Latitude": "-24.96131592"}, {"Longitude": "151.9450226", "Latitude": "-24.9640867"}, {"Longitude": "151.9429635", "Latitude": "-24.96727521"}, {"Longitude": "151.9507618", "Latitude": "-24.9718359"}, {"Longitude": "151.937423", "Latitude": "-24.9718608"}, {"Longitude": "151.9378823", "Latitude": "-24.9704624"}, {"Longitude": "151.9374197", "Latitude": "-24.967977"}, {"Longitude": "151.9378712", "Latitude": "-24.962884"}, {"Longitude": "151.9275351", "Latitude": "-24.96003004"}, {"Longitude": "151.9249351", "Latitude": "-24.9616479"}, {"Longitude": "151.9202837", "Latitude": "-24.9626221"}, {"Longitude": "151.9185888", "Latitude": "-24.9635606"}, {"Longitude": "151.9156373", "Latitude": "-24.9606498"}, {"Longitude": "151.9235027", "Latitude": "-24.9588441"}, {"Longitude": "151.9352489", "Latitude": "-24.9538051"}, {"Longitude": "151.9388882", "Latitude": "-24.9491217"}, {"Longitude": "151.9372944", "Latitude": "-24.9489551"}, {"Longitude": "151.9358052", "Latitude": "-24.9468345"}, {"Longitude": "151.9374789", "Latitude": "-24.9398184"}, {"Longitude": "151.9279186", "Latitude": "-24.9386833"}, {"Longitude": "151.9240222", "Latitude": "-24.9408231"}, {"Longitude": "151.9263653", "Latitude": "-24.9455315"}, {"Longitude": "151.9234958", "Latitude": "-24.9478365"}, {"Longitude": "151.9184976", "Latitude": "-24.9443724"}, {"Longitude": "151.9156391", "Latitude": "-24.9415245"}, {"Longitude": "151.9135015", "Latitude": "-24.94523"}, {"Longitude": "151.9068584", "Latitude": "-24.9461612"}, {"Longitude": "151.9119857", "Latitude": "-24.9398878"}, {"Longitude": "151.9093372", "Latitude": "-24.9339316"}, {"Longitude": "151.9088768", "Latitude": "-24.9317045"}, {"Longitude": "151.9087353", "Latitude": "-24.9268735"}, {"Longitude": "151.9144559", "Latitude": "-24.9308233"}, {"Longitude": "151.919585", "Latitude": "-24.9282717"}, {"Longitude": "151.9195195", "Latitude": "-24.9277137"}]