[{"Longitude": "151.7362341", "Latitude": "-25.0482218"}, {"Longitude": "151.7301029", "Latitude": "-25.0558051"}, {"Longitude": "151.7252947", "Latitude": "-25.0563314"}, {"Longitude": "151.720532", "Latitude": "-25.0557959"}, {"Longitude": "151.7191316", "Latitude": "-25.0489781"}, {"Longitude": "151.7198929", "Latitude": "-25.04570159"}, {"Longitude": "151.7219866", "Latitude": "-25.0434979"}, {"Longitude": "151.7211993", "Latitude": "-25.0352598"}, {"Longitude": "151.715019", "Latitude": "-25.0349516"}, {"Longitude": "151.7137943", "Latitude": "-25.0425628"}, {"Longitude": "151.7093361", "Latitude": "-25.0451896"}, {"Longitude": "151.7158871", "Latitude": "-25.0554703"}, {"Longitude": "151.7127723", "Latitude": "-25.05893151"}, {"Longitude": "151.7154833", "Latitude": "-25.0589322"}, {"Longitude": "151.7244021", "Latitude": "-25.0613785"}, {"Longitude": "151.725027", "Latitude": "-25.0647418"}, {"Longitude": "151.7278458", "Latitude": "-25.0624358"}, {"Longitude": "151.7348868", "Latitude": "-25.062454"}, {"Longitude": "151.7353394", "Latitude": "-25.06324449"}, {"Longitude": "151.7358141", "Latitude": "-25.06631922"}, {"Longitude": "151.7368646", "Latitude": "-25.0733855"}, {"Longitude": "151.7287316", "Latitude": "-25.077766"}, {"Longitude": "151.7223006", "Latitude": "-25.0759325"}, {"Longitude": "151.7103031", "Latitude": "-25.07854424"}, {"Longitude": "151.7094277", "Latitude": "-25.0833444"}, {"Longitude": "151.711081", "Latitude": "-25.0832953"}, {"Longitude": "151.7226483", "Latitude": "-25.0904829"}, {"Longitude": "151.7303704", "Latitude": "-25.0911624"}, {"Longitude": "151.7317355", "Latitude": "-25.08483501"}, {"Longitude": "151.7386029", "Latitude": "-25.08557127"}, {"Longitude": "151.7435863", "Latitude": "-25.08437"}, {"Longitude": "151.7385897", "Latitude": "-25.0781556"}, {"Longitude": "151.7462058", "Latitude": "-25.0745164"}, {"Longitude": "151.7463481", "Latitude": "-25.0685187"}, {"Longitude": "151.7426318", "Latitude": "-25.066144"}, {"Longitude": "151.7399589", "Latitude": "-25.05729821"}, {"Longitude": "151.7461529", "Latitude": "-25.0603836"}, {"Longitude": "151.7466862", "Latitude": "-25.0582796"}, {"Longitude": "151.7480293", "Latitude": "-25.05693032"}, {"Longitude": "151.7478299", "Latitude": "-25.0547953"}, {"Longitude": "151.7465032", "Latitude": "-25.0496574"}, {"Longitude": "151.7476821", "Latitude": "-25.04070353"}, {"Longitude": "151.7466766", "Latitude": "-25.0414387"}, {"Longitude": "151.7448185", "Latitude": "-25.0414459"}, {"Longitude": "151.737621", "Latitude": "-25.038025"}, {"Longitude": "151.7369086", "Latitude": "-25.039892"}]