[{"Longitude": "151.8708398", "Latitude": "-24.8745237"}, {"Longitude": "151.8705231", "Latitude": "-24.8781672"}, {"Longitude": "151.870098", "Latitude": "-24.8863303"}, {"Longitude": "151.8603285", "Latitude": "-24.88406543"}, {"Longitude": "151.8546672", "Latitude": "-24.88558329"}, {"Longitude": "151.8580588", "Latitude": "-24.889523"}, {"Longitude": "151.8623182", "Latitude": "-24.8897957"}, {"Longitude": "151.859376", "Latitude": "-24.8934475"}, {"Longitude": "151.857141", "Latitude": "-24.894295"}, {"Longitude": "151.855383", "Latitude": "-24.8953264"}, {"Longitude": "151.8613332", "Latitude": "-24.8998639"}, {"Longitude": "151.8532254", "Latitude": "-24.902614"}, {"Longitude": "151.8494141", "Latitude": "-24.90202179"}, {"Longitude": "151.8485825", "Latitude": "-24.91087726"}, {"Longitude": "151.8402065", "Latitude": "-24.91242224"}, {"Longitude": "151.8430557", "Latitude": "-24.9073813"}, {"Longitude": "151.8420498", "Latitude": "-24.90604816"}, {"Longitude": "151.8353356", "Latitude": "-24.90416835"}, {"Longitude": "151.8338348", "Latitude": "-24.9076092"}, {"Longitude": "151.8300405", "Latitude": "-24.90844242"}, {"Longitude": "151.8303721", "Latitude": "-24.90648671"}, {"Longitude": "151.8290729", "Latitude": "-24.90520348"}, {"Longitude": "151.8303233", "Latitude": "-24.90025036"}, {"Longitude": "151.8322954", "Latitude": "-24.89886171"}, {"Longitude": "151.8395619", "Latitude": "-24.89613647"}, {"Longitude": "151.8386991", "Latitude": "-24.89424182"}, {"Longitude": "151.8427963", "Latitude": "-24.8939857"}, {"Longitude": "151.8448915", "Latitude": "-24.8893833"}, {"Longitude": "151.8385428", "Latitude": "-24.8846088"}, {"Longitude": "151.8377282", "Latitude": "-24.88503935"}, {"Longitude": "151.8335807", "Latitude": "-24.8857582"}, {"Longitude": "151.8323662", "Latitude": "-24.8928049"}, {"Longitude": "151.8251447", "Latitude": "-24.89233808"}, {"Longitude": "151.8226576", "Latitude": "-24.8966785"}, {"Longitude": "151.8192265", "Latitude": "-24.8963281"}, {"Longitude": "151.8184259", "Latitude": "-24.8937712"}, {"Longitude": "151.8158176", "Latitude": "-24.8930451"}, {"Longitude": "151.819105", "Latitude": "-24.8916995"}, {"Longitude": "151.8178818", "Latitude": "-24.88666367"}, {"Longitude": "151.8164566", "Latitude": "-24.8794901"}, {"Longitude": "151.822008", "Latitude": "-24.88239737"}, {"Longitude": "151.8210156", "Latitude": "-24.8849946"}, {"Longitude": "151.8240637", "Latitude": "-24.88732591"}, {"Longitude": "151.8284495", "Latitude": "-24.883774"}, {"Longitude": "151.8290697", "Latitude": "-24.8818153"}, {"Longitude": "151.8282188", "Latitude": "-24.8792569"}, {"Longitude": "151.825826", "Latitude": "-24.8762185"}, {"Longitude": "151.8281363", "Latitude": "-24.8752549"}, {"Longitude": "151.8291406", "Latitude": "-24.87022387"}, {"Longitude": "151.8304004", "Latitude": "-24.8700586"}, {"Longitude": "151.832788", "Latitude": "-24.8722336"}, {"Longitude": "151.8333275", "Latitude": "-24.87511603"}, {"Longitude": "151.83575", "Latitude": "-24.87670451"}, {"Longitude": "151.843581", "Latitude": "-24.8721872"}, {"Longitude": "151.8421871", "Latitude": "-24.8615125"}, {"Longitude": "151.8377754", "Latitude": "-24.8561323"}, {"Longitude": "151.8487271", "Latitude": "-24.8626188"}, {"Longitude": "151.8503496", "Latitude": "-24.86205282"}, {"Longitude": "151.8557593", "Latitude": "-24.8679378"}, {"Longitude": "151.8543872", "Latitude": "-24.86859035"}, {"Longitude": "151.8492457", "Latitude": "-24.8744432"}, {"Longitude": "151.8495103", "Latitude": "-24.8762961"}, {"Longitude": "151.8510983", "Latitude": "-24.8805344"}, {"Longitude": "151.854379", "Latitude": "-24.87675931"}, {"Longitude": "151.8556637", "Latitude": "-24.87660147"}, {"Longitude": "151.858747", "Latitude": "-24.8741627"}, {"Longitude": "151.8638715", "Latitude": "-24.8742695"}, {"Longitude": "151.8642324", "Latitude": "-24.8690054"}, {"Longitude": "151.8695852", "Latitude": "-24.86936193"}]