[{"Longitude": "151.7782626", "Latitude": "-25.178332"}, {"Longitude": "151.7825946", "Latitude": "-25.1780746"}, {"Longitude": "151.7858111", "Latitude": "-25.1748253"}, {"Longitude": "151.7785926", "Latitude": "-25.1717129"}, {"Longitude": "151.7685063", "Latitude": "-25.1685552"}, {"Longitude": "151.7773563", "Latitude": "-25.16576622"}, {"Longitude": "151.7778763", "Latitude": "-25.1619698"}, {"Longitude": "151.7818353", "Latitude": "-25.1619737"}, {"Longitude": "151.7835541", "Latitude": "-25.1625232"}, {"Longitude": "151.7847542", "Latitude": "-25.1618141"}, {"Longitude": "151.7860901", "Latitude": "-25.1562009"}, {"Longitude": "151.7876597", "Latitude": "-25.1606111"}, {"Longitude": "151.7936107", "Latitude": "-25.160953"}, {"Longitude": "151.7937632", "Latitude": "-25.1651151"}, {"Longitude": "151.7967853", "Latitude": "-25.1697536"}, {"Longitude": "151.7987261", "Latitude": "-25.1757681"}, {"Longitude": "151.8063048", "Latitude": "-25.17705141"}, {"Longitude": "151.8101796", "Latitude": "-25.17651254"}, {"Longitude": "151.80664", "Latitude": "-25.1726851"}, {"Longitude": "151.8070181", "Latitude": "-25.1721067"}, {"Longitude": "151.8068701", "Latitude": "-25.1710597"}, {"Longitude": "151.8134999", "Latitude": "-25.17008475"}, {"Longitude": "151.8178143", "Latitude": "-25.1733017"}, {"Longitude": "151.8191251", "Latitude": "-25.1810993"}, {"Longitude": "151.8210325", "Latitude": "-25.1836748"}, {"Longitude": "151.8183884", "Latitude": "-25.1887918"}, {"Longitude": "151.8232938", "Latitude": "-25.1975591"}, {"Longitude": "151.8229517", "Latitude": "-25.20030359"}, {"Longitude": "151.81509", "Latitude": "-25.1952301"}, {"Longitude": "151.8090656", "Latitude": "-25.1885828"}, {"Longitude": "151.8093182", "Latitude": "-25.1852959"}, {"Longitude": "151.8064116", "Latitude": "-25.1837249"}, {"Longitude": "151.8075048", "Latitude": "-25.18047721"}, {"Longitude": "151.8038362", "Latitude": "-25.1816788"}, {"Longitude": "151.8001964", "Latitude": "-25.18069636"}, {"Longitude": "151.7983629", "Latitude": "-25.1831252"}, {"Longitude": "151.793833", "Latitude": "-25.17989305"}, {"Longitude": "151.7892985", "Latitude": "-25.1815647"}, {"Longitude": "151.783934", "Latitude": "-25.180851"}, {"Longitude": "151.7838579", "Latitude": "-25.1875001"}, {"Longitude": "151.7925449", "Latitude": "-25.1875641"}, {"Longitude": "151.793615", "Latitude": "-25.19141527"}, {"Longitude": "151.7992291", "Latitude": "-25.1915663"}, {"Longitude": "151.8004906", "Latitude": "-25.1910963"}, {"Longitude": "151.802024", "Latitude": "-25.1945134"}, {"Longitude": "151.8010628", "Latitude": "-25.19486487"}, {"Longitude": "151.7930031", "Latitude": "-25.1934324"}, {"Longitude": "151.7898335", "Latitude": "-25.1980654"}, {"Longitude": "151.7826162", "Latitude": "-25.19549967"}, {"Longitude": "151.7795596", "Latitude": "-25.1995047"}, {"Longitude": "151.7729462", "Latitude": "-25.1970234"}, {"Longitude": "151.7680087", "Latitude": "-25.1913376"}, {"Longitude": "151.7733726", "Latitude": "-25.189787"}, {"Longitude": "151.7744751", "Latitude": "-25.1868516"}, {"Longitude": "151.7687189", "Latitude": "-25.186073"}, {"Longitude": "151.7725194", "Latitude": "-25.1834806"}, {"Longitude": "151.7715686", "Latitude": "-25.1767149"}]