[{"Longitude": "151.789828", "Latitude": "-25.0411359"}, {"Longitude": "151.7822641", "Latitude": "-25.037621"}, {"Longitude": "151.7828414", "Latitude": "-25.0414146"}, {"Longitude": "151.7831667", "Latitude": "-25.048633"}, {"Longitude": "151.7774461", "Latitude": "-25.0449916"}, {"Longitude": "151.7741996", "Latitude": "-25.0456058"}, {"Longitude": "151.763109", "Latitude": "-25.047288"}, {"Longitude": "151.7665398", "Latitude": "-25.0419775"}, {"Longitude": "151.7659824", "Latitude": "-25.0355248"}, {"Longitude": "151.75817", "Latitude": "-25.0350542"}, {"Longitude": "151.7569428", "Latitude": "-25.0426594"}, {"Longitude": "151.7532366", "Latitude": "-25.0492017"}, {"Longitude": "151.7578939", "Latitude": "-25.0554139"}, {"Longitude": "151.7614343", "Latitude": "-25.05641711"}, {"Longitude": "151.757526", "Latitude": "-25.0608841"}, {"Longitude": "151.7510746", "Latitude": "-25.06343085"}, {"Longitude": "151.7523203", "Latitude": "-25.0686865"}, {"Longitude": "151.7493358", "Latitude": "-25.0697729"}, {"Longitude": "151.7512832", "Latitude": "-25.07428771"}, {"Longitude": "151.7464691", "Latitude": "-25.0824076"}, {"Longitude": "151.7480042", "Latitude": "-25.0861944"}, {"Longitude": "151.7460174", "Latitude": "-25.0892983"}, {"Longitude": "151.7541213", "Latitude": "-25.0901613"}, {"Longitude": "151.7502589", "Latitude": "-25.0975385"}, {"Longitude": "151.7586071", "Latitude": "-25.0972753"}, {"Longitude": "151.7644324", "Latitude": "-25.0987708"}, {"Longitude": "151.7697947", "Latitude": "-25.0954903"}, {"Longitude": "151.7728253", "Latitude": "-25.0940649"}, {"Longitude": "151.7745258", "Latitude": "-25.0944347"}, {"Longitude": "151.7735084", "Latitude": "-25.08873569"}, {"Longitude": "151.7791279", "Latitude": "-25.0894592"}, {"Longitude": "151.7797436", "Latitude": "-25.0800213"}, {"Longitude": "151.7825152", "Latitude": "-25.075609"}, {"Longitude": "151.7727001", "Latitude": "-25.078892"}, {"Longitude": "151.769731", "Latitude": "-25.07882273"}, {"Longitude": "151.7694041", "Latitude": "-25.0822792"}, {"Longitude": "151.7670364", "Latitude": "-25.0845723"}, {"Longitude": "151.7662391", "Latitude": "-25.085426"}, {"Longitude": "151.7647069", "Latitude": "-25.08004999"}, {"Longitude": "151.7629507", "Latitude": "-25.08210364"}, {"Longitude": "151.7595487", "Latitude": "-25.0879093"}, {"Longitude": "151.7564536", "Latitude": "-25.0822223"}, {"Longitude": "151.7541569", "Latitude": "-25.0760976"}, {"Longitude": "151.7542363", "Latitude": "-25.07534"}, {"Longitude": "151.755107", "Latitude": "-25.07320896"}, {"Longitude": "151.759102", "Latitude": "-25.0727731"}, {"Longitude": "151.7578993", "Latitude": "-25.06841001"}, {"Longitude": "151.760078", "Latitude": "-25.06775786"}, {"Longitude": "151.7626199", "Latitude": "-25.0698045"}, {"Longitude": "151.7636564", "Latitude": "-25.0651851"}, {"Longitude": "151.7618241", "Latitude": "-25.0629256"}, {"Longitude": "151.7642934", "Latitude": "-25.0624373"}, {"Longitude": "151.7657535", "Latitude": "-25.063781"}, {"Longitude": "151.7686761", "Latitude": "-25.0634469"}, {"Longitude": "151.7719521", "Latitude": "-25.0665341"}, {"Longitude": "151.7724644", "Latitude": "-25.0569105"}, {"Longitude": "151.7774568", "Latitude": "-25.0561388"}, {"Longitude": "151.7784844", "Latitude": "-25.0588276"}, {"Longitude": "151.780738", "Latitude": "-25.061947"}, {"Longitude": "151.7850325", "Latitude": "-25.06520331"}, {"Longitude": "151.7854349", "Latitude": "-25.0651277"}, {"Longitude": "151.7871344", "Latitude": "-25.06799437"}, {"Longitude": "151.7907551", "Latitude": "-25.0650518"}, {"Longitude": "151.7919556", "Latitude": "-25.060471"}, {"Longitude": "151.7942791", "Latitude": "-25.0593686"}, {"Longitude": "151.7979388", "Latitude": "-25.05614264"}, {"Longitude": "151.79568", "Latitude": "-25.0541874"}, {"Longitude": "151.788524", "Latitude": "-25.0483004"}, {"Longitude": "151.7919014", "Latitude": "-25.04554397"}]