[{"Longitude": "151.7267687", "Latitude": "-24.8756"}, {"Longitude": "151.7333612", "Latitude": "-24.8754224"}, {"Longitude": "151.7399666", "Latitude": "-24.8768163"}, {"Longitude": "151.7419147", "Latitude": "-24.8784204"}, {"Longitude": "151.739953", "Latitude": "-24.8796808"}, {"Longitude": "151.7386837", "Latitude": "-24.8797378"}, {"Longitude": "151.7381203", "Latitude": "-24.88183661"}, {"Longitude": "151.7396664", "Latitude": "-24.88739045"}, {"Longitude": "151.7369551", "Latitude": "-24.8868088"}, {"Longitude": "151.7281413", "Latitude": "-24.88372137"}, {"Longitude": "151.7268586", "Latitude": "-24.8835894"}, {"Longitude": "151.7252254", "Latitude": "-24.8863751"}, {"Longitude": "151.719928", "Latitude": "-24.88377025"}, {"Longitude": "151.7194767", "Latitude": "-24.88523985"}, {"Longitude": "151.7175633", "Latitude": "-24.8876595"}, {"Longitude": "151.7174518", "Latitude": "-24.8902937"}, {"Longitude": "151.7193966", "Latitude": "-24.89329001"}, {"Longitude": "151.7264593", "Latitude": "-24.89594573"}, {"Longitude": "151.7305554", "Latitude": "-24.8932676"}, {"Longitude": "151.732472", "Latitude": "-24.8941228"}, {"Longitude": "151.7372426", "Latitude": "-24.8941146"}, {"Longitude": "151.7437255", "Latitude": "-24.8971717"}, {"Longitude": "151.7479685", "Latitude": "-24.8875929"}, {"Longitude": "151.7445655", "Latitude": "-24.883431"}, {"Longitude": "151.7478844", "Latitude": "-24.88287558"}, {"Longitude": "151.7513805", "Latitude": "-24.88063684"}, {"Longitude": "151.7518266", "Latitude": "-24.88208667"}, {"Longitude": "151.7552149", "Latitude": "-24.88511126"}, {"Longitude": "151.7593688", "Latitude": "-24.8889461"}, {"Longitude": "151.7597074", "Latitude": "-24.8809586"}, {"Longitude": "151.7615497", "Latitude": "-24.874924"}, {"Longitude": "151.7620941", "Latitude": "-24.8724954"}, {"Longitude": "151.7530764", "Latitude": "-24.8711774"}, {"Longitude": "151.7508239", "Latitude": "-24.8717953"}, {"Longitude": "151.7494359", "Latitude": "-24.8746922"}, {"Longitude": "151.7489101", "Latitude": "-24.874777"}, {"Longitude": "151.7435249", "Latitude": "-24.87085296"}, {"Longitude": "151.7448869", "Latitude": "-24.87020018"}, {"Longitude": "151.7454457", "Latitude": "-24.8682279"}, {"Longitude": "151.7481665", "Latitude": "-24.86602764"}, {"Longitude": "151.7486201", "Latitude": "-24.8655804"}, {"Longitude": "151.7455267", "Latitude": "-24.8642928"}, {"Longitude": "151.7441377", "Latitude": "-24.86575493"}, {"Longitude": "151.7409151", "Latitude": "-24.8637478"}, {"Longitude": "151.7383598", "Latitude": "-24.87058641"}, {"Longitude": "151.7313919", "Latitude": "-24.86849737"}, {"Longitude": "151.7304556", "Latitude": "-24.8688441"}, {"Longitude": "151.7276546", "Latitude": "-24.87009579"}, {"Longitude": "151.7273515", "Latitude": "-24.86760656"}, {"Longitude": "151.7251222", "Latitude": "-24.86838759"}, {"Longitude": "151.7227228", "Latitude": "-24.8708926"}, {"Longitude": "151.7231251", "Latitude": "-24.8717686"}, {"Longitude": "151.7242829", "Latitude": "-24.87187208"}, {"Longitude": "151.7228118", "Latitude": "-24.87535523"}]