[{"Longitude": "151.8292827", "Latitude": "-25.0864504"}, {"Longitude": "151.8306866", "Latitude": "-25.0864877"}, {"Longitude": "151.8354023", "Latitude": "-25.0917997"}, {"Longitude": "151.8367444", "Latitude": "-25.0938713"}, {"Longitude": "151.8438375", "Latitude": "-25.08813918"}, {"Longitude": "151.8414965", "Latitude": "-25.0914586"}, {"Longitude": "151.8411027", "Latitude": "-25.09387236"}, {"Longitude": "151.8423199", "Latitude": "-25.1001703"}, {"Longitude": "151.8483158", "Latitude": "-25.09545638"}, {"Longitude": "151.8501642", "Latitude": "-25.0909383"}, {"Longitude": "151.8500571", "Latitude": "-25.0868875"}, {"Longitude": "151.8535747", "Latitude": "-25.08184382"}, {"Longitude": "151.8546652", "Latitude": "-25.0776475"}, {"Longitude": "151.858648", "Latitude": "-25.0829469"}, {"Longitude": "151.8564623", "Latitude": "-25.0870956"}, {"Longitude": "151.8568504", "Latitude": "-25.0891822"}, {"Longitude": "151.8576659", "Latitude": "-25.0935243"}, {"Longitude": "151.8561115", "Latitude": "-25.1013605"}, {"Longitude": "151.8575762", "Latitude": "-25.099978"}, {"Longitude": "151.8608172", "Latitude": "-25.09785208"}, {"Longitude": "151.8640504", "Latitude": "-25.0955467"}, {"Longitude": "151.8641504", "Latitude": "-25.0913393"}, {"Longitude": "151.8671982", "Latitude": "-25.0843823"}, {"Longitude": "151.8696247", "Latitude": "-25.08048533"}, {"Longitude": "151.8687657", "Latitude": "-25.0794882"}, {"Longitude": "151.861509", "Latitude": "-25.0727521"}, {"Longitude": "151.8674982", "Latitude": "-25.0684328"}, {"Longitude": "151.8678313", "Latitude": "-25.063673"}, {"Longitude": "151.8721571", "Latitude": "-25.0542871"}, {"Longitude": "151.8611688", "Latitude": "-25.0531565"}, {"Longitude": "151.8613062", "Latitude": "-25.04798106"}, {"Longitude": "151.8539497", "Latitude": "-25.0488301"}, {"Longitude": "151.8551747", "Latitude": "-25.0557944"}, {"Longitude": "151.8611589", "Latitude": "-25.0577224"}, {"Longitude": "151.8589499", "Latitude": "-25.0603397"}, {"Longitude": "151.8605807", "Latitude": "-25.0653544"}, {"Longitude": "151.8599133", "Latitude": "-25.067792"}, {"Longitude": "151.8504468", "Latitude": "-25.0673009"}, {"Longitude": "151.849192", "Latitude": "-25.0648043"}, {"Longitude": "151.844659", "Latitude": "-25.0717194"}, {"Longitude": "151.8395078", "Latitude": "-25.072572"}, {"Longitude": "151.8407437", "Latitude": "-25.0683359"}, {"Longitude": "151.8418682", "Latitude": "-25.0607102"}, {"Longitude": "151.8381882", "Latitude": "-25.0628495"}, {"Longitude": "151.8330169", "Latitude": "-25.0645885"}, {"Longitude": "151.8254988", "Latitude": "-25.067253"}, {"Longitude": "151.8284814", "Latitude": "-25.0711272"}, {"Longitude": "151.8341224", "Latitude": "-25.0763962"}, {"Longitude": "151.8348552", "Latitude": "-25.0793079"}]