[{"Longitude": "151.7467267", "Latitude": "-25.1527123"}, {"Longitude": "151.7490545", "Latitude": "-25.1597733"}, {"Longitude": "151.7503689", "Latitude": "-25.1618512"}, {"Longitude": "151.7523638", "Latitude": "-25.1655865"}, {"Longitude": "151.7560336", "Latitude": "-25.16255532"}, {"Longitude": "151.7630952", "Latitude": "-25.1630772"}, {"Longitude": "151.7608464", "Latitude": "-25.1649066"}, {"Longitude": "151.7621759", "Latitude": "-25.1672204"}, {"Longitude": "151.7596014", "Latitude": "-25.1694742"}, {"Longitude": "151.7524128", "Latitude": "-25.1723032"}, {"Longitude": "151.7543555", "Latitude": "-25.17236049"}, {"Longitude": "151.7611698", "Latitude": "-25.1759842"}, {"Longitude": "151.7573041", "Latitude": "-25.1809952"}, {"Longitude": "151.7515946", "Latitude": "-25.183428"}, {"Longitude": "151.748294", "Latitude": "-25.1878223"}, {"Longitude": "151.7512108", "Latitude": "-25.1869214"}, {"Longitude": "151.7567195", "Latitude": "-25.1878446"}, {"Longitude": "151.7640856", "Latitude": "-25.192909"}, {"Longitude": "151.75941", "Latitude": "-25.2008274"}, {"Longitude": "151.7534373", "Latitude": "-25.19448236"}, {"Longitude": "151.7480698", "Latitude": "-25.1941211"}, {"Longitude": "151.7473701", "Latitude": "-25.1953376"}, {"Longitude": "151.7398871", "Latitude": "-25.1940448"}, {"Longitude": "151.7393661", "Latitude": "-25.1967276"}, {"Longitude": "151.7410005", "Latitude": "-25.2043952"}, {"Longitude": "151.7318688", "Latitude": "-25.1988317"}, {"Longitude": "151.7281626", "Latitude": "-25.1931663"}, {"Longitude": "151.7274035", "Latitude": "-25.1897264"}, {"Longitude": "151.7249714", "Latitude": "-25.1923836"}, {"Longitude": "151.7235189", "Latitude": "-25.19629598"}, {"Longitude": "151.7201433", "Latitude": "-25.1994201"}, {"Longitude": "151.7206349", "Latitude": "-25.19205479"}, {"Longitude": "151.7127305", "Latitude": "-25.189897"}, {"Longitude": "151.7052483", "Latitude": "-25.1926884"}, {"Longitude": "151.7062812", "Latitude": "-25.1808942"}, {"Longitude": "151.7146635", "Latitude": "-25.1787281"}, {"Longitude": "151.7201126", "Latitude": "-25.1839561"}, {"Longitude": "151.7220094", "Latitude": "-25.1849874"}, {"Longitude": "151.7270162", "Latitude": "-25.18568454"}, {"Longitude": "151.7388992", "Latitude": "-25.181647"}, {"Longitude": "151.7391838", "Latitude": "-25.1806504"}, {"Longitude": "151.7376214", "Latitude": "-25.1787505"}, {"Longitude": "151.7355234", "Latitude": "-25.1757829"}, {"Longitude": "151.7349272", "Latitude": "-25.1712804"}, {"Longitude": "151.7352589", "Latitude": "-25.168164"}, {"Longitude": "151.7415087", "Latitude": "-25.1700977"}, {"Longitude": "151.7438779", "Latitude": "-25.1704034"}, {"Longitude": "151.7388889", "Latitude": "-25.1652122"}, {"Longitude": "151.7340791", "Latitude": "-25.1639868"}, {"Longitude": "151.7293234", "Latitude": "-25.1621092"}, {"Longitude": "151.7291056", "Latitude": "-25.1663904"}, {"Longitude": "151.7257625", "Latitude": "-25.1717615"}, {"Longitude": "151.7249389", "Latitude": "-25.1745689"}, {"Longitude": "151.7170391", "Latitude": "-25.17359357"}, {"Longitude": "151.7140173", "Latitude": "-25.1733061"}, {"Longitude": "151.7132176", "Latitude": "-25.1690166"}, {"Longitude": "151.7091441", "Latitude": "-25.1620474"}, {"Longitude": "151.7193418", "Latitude": "-25.1604742"}, {"Longitude": "151.7218765", "Latitude": "-25.1546011"}, {"Longitude": "151.7350493", "Latitude": "-25.1548413"}, {"Longitude": "151.7419145", "Latitude": "-25.15975275"}]