[{"Longitude": "151.7861048", "Latitude": "-24.9436082"}, {"Longitude": "151.7880658", "Latitude": "-24.9511381"}, {"Longitude": "151.7907124", "Latitude": "-24.9495896"}, {"Longitude": "151.7924828", "Latitude": "-24.95246575"}, {"Longitude": "151.8060804", "Latitude": "-24.9785696"}, {"Longitude": "151.8029765", "Latitude": "-24.9910596"}, {"Longitude": "151.8120237", "Latitude": "-24.9902058"}, {"Longitude": "151.8200183", "Latitude": "-24.9854695"}, {"Longitude": "151.8211613", "Latitude": "-24.98339705"}, {"Longitude": "151.8109024", "Latitude": "-24.95602181"}, {"Longitude": "151.8090983", "Latitude": "-24.9512332"}, {"Longitude": "151.812431", "Latitude": "-24.9438952"}, {"Longitude": "151.8038682", "Latitude": "-24.9484316"}, {"Longitude": "151.7862728", "Latitude": "-24.94201936"}]