[{"Longitude": "151.8164321", "Latitude": "-25.1487417"}, {"Longitude": "151.8158772", "Latitude": "-25.1482083"}, {"Longitude": "151.8144183", "Latitude": "-25.14710719"}, {"Longitude": "151.8103937", "Latitude": "-25.1421945"}, {"Longitude": "151.8093031", "Latitude": "-25.1330619"}, {"Longitude": "151.80523", "Latitude": "-25.1303749"}, {"Longitude": "151.7992158", "Latitude": "-25.1335465"}, {"Longitude": "151.7960684", "Latitude": "-25.1306165"}, {"Longitude": "151.8046552", "Latitude": "-25.1223534"}, {"Longitude": "151.8058306", "Latitude": "-25.1201762"}, {"Longitude": "151.8058875", "Latitude": "-25.1196946"}, {"Longitude": "151.8142293", "Latitude": "-25.1172852"}, {"Longitude": "151.8139291", "Latitude": "-25.1316256"}, {"Longitude": "151.8186828", "Latitude": "-25.136832"}, {"Longitude": "151.8201321", "Latitude": "-25.1345973"}, {"Longitude": "151.8229044", "Latitude": "-25.1333022"}, {"Longitude": "151.8265081", "Latitude": "-25.14381"}, {"Longitude": "151.8316023", "Latitude": "-25.14603661"}, {"Longitude": "151.8351128", "Latitude": "-25.1454276"}, {"Longitude": "151.8326311", "Latitude": "-25.14791143"}, {"Longitude": "151.8312381", "Latitude": "-25.14960983"}, {"Longitude": "151.8321758", "Latitude": "-25.1503028"}, {"Longitude": "151.8348934", "Latitude": "-25.15090536"}, {"Longitude": "151.8375764", "Latitude": "-25.14997765"}, {"Longitude": "151.8391007", "Latitude": "-25.15087056"}, {"Longitude": "151.8341374", "Latitude": "-25.1550185"}, {"Longitude": "151.8326968", "Latitude": "-25.1594389"}, {"Longitude": "151.8243553", "Latitude": "-25.1549577"}, {"Longitude": "151.8234562", "Latitude": "-25.1532648"}, {"Longitude": "151.8214829", "Latitude": "-25.1538785"}, {"Longitude": "151.8207603", "Latitude": "-25.1634714"}, {"Longitude": "151.8239527", "Latitude": "-25.167885"}, {"Longitude": "151.8225352", "Latitude": "-25.168387"}, {"Longitude": "151.8140326", "Latitude": "-25.1684246"}, {"Longitude": "151.8116852", "Latitude": "-25.1674441"}, {"Longitude": "151.8105286", "Latitude": "-25.1592908"}, {"Longitude": "151.8084247", "Latitude": "-25.1604356"}, {"Longitude": "151.8064823", "Latitude": "-25.1586874"}, {"Longitude": "151.8025722", "Latitude": "-25.1560589"}, {"Longitude": "151.7945486", "Latitude": "-25.1543358"}, {"Longitude": "151.7928583", "Latitude": "-25.15562309"}, {"Longitude": "151.7926159", "Latitude": "-25.146795"}, {"Longitude": "151.7956883", "Latitude": "-25.1430246"}, {"Longitude": "151.7998089", "Latitude": "-25.1455918"}, {"Longitude": "151.8002441", "Latitude": "-25.1463974"}, {"Longitude": "151.8025537", "Latitude": "-25.14862789"}, {"Longitude": "151.8097214", "Latitude": "-25.14711275"}, {"Longitude": "151.8165829", "Latitude": "-25.1499325"}]