[{"Longitude": "151.8234755", "Latitude": "-25.096625"}, {"Longitude": "151.8282776", "Latitude": "-25.0939947"}, {"Longitude": "151.8244289", "Latitude": "-25.0927268"}, {"Longitude": "151.8241285", "Latitude": "-25.09162921"}, {"Longitude": "151.8249388", "Latitude": "-25.08837252"}, {"Longitude": "151.8214898", "Latitude": "-25.08617986"}, {"Longitude": "151.8195977", "Latitude": "-25.08948559"}, {"Longitude": "151.8185676", "Latitude": "-25.0909325"}, {"Longitude": "151.8168873", "Latitude": "-25.09337587"}, {"Longitude": "151.8161009", "Latitude": "-25.0986421"}, {"Longitude": "151.8106197", "Latitude": "-25.09319958"}, {"Longitude": "151.8040365", "Latitude": "-25.0921119"}, {"Longitude": "151.8048395", "Latitude": "-25.093939"}, {"Longitude": "151.8041281", "Latitude": "-25.0981336"}, {"Longitude": "151.8028344", "Latitude": "-25.1026817"}, {"Longitude": "151.7973791", "Latitude": "-25.1012055"}, {"Longitude": "151.798252", "Latitude": "-25.09421984"}, {"Longitude": "151.7996915", "Latitude": "-25.087945"}, {"Longitude": "151.8030063", "Latitude": "-25.08866917"}, {"Longitude": "151.8071217", "Latitude": "-25.08936428"}, {"Longitude": "151.807631", "Latitude": "-25.08746293"}, {"Longitude": "151.8132372", "Latitude": "-25.08712583"}, {"Longitude": "151.8158726", "Latitude": "-25.08265506"}, {"Longitude": "151.8110146", "Latitude": "-25.08078495"}, {"Longitude": "151.8104641", "Latitude": "-25.08154052"}, {"Longitude": "151.8100715", "Latitude": "-25.0816187"}, {"Longitude": "151.8089555", "Latitude": "-25.07987117"}, {"Longitude": "151.8149663", "Latitude": "-25.0755171"}, {"Longitude": "151.819683", "Latitude": "-25.0776435"}, {"Longitude": "151.8218035", "Latitude": "-25.0742515"}, {"Longitude": "151.8169759", "Latitude": "-25.0668523"}, {"Longitude": "151.8107078", "Latitude": "-25.0670841"}, {"Longitude": "151.8092557", "Latitude": "-25.0644217"}, {"Longitude": "151.8028583", "Latitude": "-25.057099"}, {"Longitude": "151.7938994", "Latitude": "-25.0659397"}, {"Longitude": "151.7938793", "Latitude": "-25.0704286"}, {"Longitude": "151.7955277", "Latitude": "-25.07231285"}, {"Longitude": "151.7983775", "Latitude": "-25.0705434"}, {"Longitude": "151.7970756", "Latitude": "-25.07585547"}, {"Longitude": "151.7974018", "Latitude": "-25.07632876"}, {"Longitude": "151.8007492", "Latitude": "-25.0774383"}, {"Longitude": "151.8036738", "Latitude": "-25.07694761"}, {"Longitude": "151.8008185", "Latitude": "-25.0811595"}, {"Longitude": "151.7986995", "Latitude": "-25.08211482"}, {"Longitude": "151.7959716", "Latitude": "-25.0838611"}, {"Longitude": "151.7937923", "Latitude": "-25.0794778"}, {"Longitude": "151.7941352", "Latitude": "-25.07811544"}, {"Longitude": "151.7948384", "Latitude": "-25.0768587"}, {"Longitude": "151.792297", "Latitude": "-25.0747302"}, {"Longitude": "151.7891102", "Latitude": "-25.07651157"}, {"Longitude": "151.7840356", "Latitude": "-25.0841616"}, {"Longitude": "151.7847951", "Latitude": "-25.0843677"}, {"Longitude": "151.7898339", "Latitude": "-25.0917454"}, {"Longitude": "151.7905264", "Latitude": "-25.0943203"}, {"Longitude": "151.7871956", "Latitude": "-25.0948685"}, {"Longitude": "151.781193", "Latitude": "-25.09459169"}, {"Longitude": "151.7795014", "Latitude": "-25.09431603"}, {"Longitude": "151.7787988", "Latitude": "-25.1018662"}, {"Longitude": "151.7858932", "Latitude": "-25.10179623"}, {"Longitude": "151.7885576", "Latitude": "-25.1022982"}, {"Longitude": "151.7895157", "Latitude": "-25.1055929"}, {"Longitude": "151.7900534", "Latitude": "-25.1091276"}, {"Longitude": "151.7920166", "Latitude": "-25.112638"}, {"Longitude": "151.798501", "Latitude": "-25.1121826"}, {"Longitude": "151.8019172", "Latitude": "-25.10736529"}, {"Longitude": "151.8061529", "Latitude": "-25.1119558"}, {"Longitude": "151.8150333", "Latitude": "-25.1109343"}, {"Longitude": "151.8225969", "Latitude": "-25.105322"}, {"Longitude": "151.8232295", "Latitude": "-25.1037523"}, {"Longitude": "151.8219948", "Latitude": "-25.10261874"}, {"Longitude": "151.8230136", "Latitude": "-25.10144877"}, {"Longitude": "151.8221004", "Latitude": "-25.0999964"}, {"Longitude": "151.8234684", "Latitude": "-25.09885821"}]